"","X","Rank","Name","Platform","Year","Genre","Publisher","NA_Sales","EU_Sales","JP_Sales","Other_Sales","Global_Sales"
"503",503,510,"F-Zero","SNES",1990,"Racing","Nintendo",1.37,0.51,0.89,0.07,2.85
"985",985,1003,"FIFA Soccer 08","PS3",2007,"Sports","Electronic Arts",0.35,1.07,0.02,0.32,1.76
"1004",1004,1022,"Cruis'n USA","N64",1996,"Racing","Nintendo",1.69,0.04,0,0.01,1.74
"919",919,937,"Jak 3","PS2",2004,"Platform","Sony Computer Entertainment",1.33,0.49,0,0.03,1.85
"470",470,477,"Animal Crossing: Happy Home Designer","3DS",2015,"Simulation","Nintendo",0.47,1,1.39,0.12,2.98
"823",823,840,"Just Dance 3","X360",2011,"Misc","Ubisoft",1.47,0.4,0,0.16,2.03
"838",838,855,"Harry Potter and the Chamber of Secrets","GBA",2002,"Action","Electronic Arts",1.21,0.64,0.05,0.09,1.99
"903",903,921,"Star Fox Adventures","GC",2002,"Adventure","Nintendo",0.96,0.53,0.3,0.09,1.87
"1031",1031,1049,"Tetris Worlds","GBA",2001,"Puzzle","THQ",1.25,0.39,0,0.06,1.71
"183",183,185,"Super Mario Land 3: Wario Land","GB",1994,"Platform","Nintendo",2.49,0.98,1.57,0.15,5.19
"299",299,303,"Namco Museum: 50th Anniversary","PS2",2005,"Misc","Namco Bandai Games",2.08,1.35,0,0.54,3.98
"466",466,473,"Star Fox","SNES",1993,"Shooter","Nintendo",1.61,0.51,0.8,0.07,2.99
"908",908,926,"Madden NFL 06","XB",2005,"Sports","Electronic Arts",1.75,0.03,0,0.08,1.86
"995",995,1013,"Cooking Mama 3: Shop & Chop","DS",2009,"Simulation","505 Games",0.83,0.66,0.08,0.18,1.75
"456",456,462,"Saints Row 2","X360",2008,"Action","THQ",1.94,0.8,0.02,0.27,3.03
"324",324,328,"Just Dance 2014","Wii",2013,"Misc","Ubisoft",1.98,1.47,0,0.32,3.76
"510",510,517,"Madden NFL 10","X360",2009,"Sports","Electronic Arts",2.52,0.09,0,0.22,2.83
"948",948,966,"Madden NFL 07","X360",2006,"Sports","Electronic Arts",1.66,0,0.01,0.13,1.8
"288",288,292,"Forza Motorsport 2","X360",2007,"Racing","Microsoft Game Studios",2.35,1.28,0.03,0.41,4.06
"347",347,351,"Resident Evil 4","PS2",2005,"Action","Capcom",2.08,0.83,0.46,0.25,3.62
"971",971,989,"Metroid II: Return of Samus","GB",1991,"Adventure","Nintendo",0.85,0.31,0.56,0.04,1.76
"628",628,638,"Sonic Adventure","DC",1998,"Platform","Sega",1.26,0.61,0.46,0.08,2.42
"605",605,614,"Marvel: Ultimate Alliance","X360",2006,"Role-Playing","Activision",2.29,0.02,0,0.19,2.5
"733",733,748,"Yu-Gi-Oh: Duel Monsters 4","GB",2000,"Role-Playing","Konami Digital Entertainment",0,0,2.17,0.01,2.18
"223",223,225,"The Simpsons: Hit & Run","PS2",2003,"Racing","Vivendi Games",1.73,2.19,0,0.79,4.7
"732",732,747,"Hitman: Absolution","PS3",2012,"Action","Square Enix",0.59,1.07,0.07,0.45,2.19
"251",251,254,"Resistance: Fall of Man","PS3",2006,"Shooter","Sony Computer Entertainment",1.73,1.73,0.14,0.75,4.35
"502",502,509,"Mortal Kombat","PS3",2011,"Fighting","Warner Bros. Interactive Entertainment",1.98,0.55,0,0.32,2.85
"920",920,938,"Rayman Raving Rabbids 2","Wii",2007,"Misc","Ubisoft",0.83,0.82,0,0.2,1.85
"519",519,526,"Star Wars: The Force Unleashed","X360",2008,"Action","LucasArts",1.74,0.8,0,0.26,2.8
"449",449,455,"The Legend of Zelda: A Link Between Worlds","3DS",2013,"Action","Nintendo",1.4,0.99,0.46,0.22,3.07
"393",393,398,"WWF War Zone","PS",1998,"Fighting","Acclaim Entertainment",2.47,0.76,0,0.13,3.36
"998",998,1016,"Star Wars Episode I: The Phantom Menace","PS",1999,"Adventure","LucasArts",0.72,0.89,0.04,0.1,1.74
"660",660,673,"LEGO Harry Potter: Years 1-4","DS",2010,"Action","Warner Bros. Interactive Entertainment",1.07,1.05,0,0.23,2.35
"363",363,367,"FIFA Soccer 11","X360",2010,"Sports","Electronic Arts",0.71,2.4,0.02,0.4,3.53
"846",846,863,"Call of Duty: World at War","Wii",2008,"Shooter","Activision",1.2,0.59,0,0.19,1.97
"371",371,375,"Kung Fu","NES",1985,"Action","Nintendo",1.64,0.38,1.42,0.06,3.5
"883",883,901,"MX Unleashed","PS2",2004,"Racing","THQ",0.94,0.73,0,0.25,1.92
"923",923,941,"inFAMOUS 2","PS3",2011,"Action","Sony Computer Entertainment",1.05,0.49,0.08,0.23,1.85
"430",430,436,"Animal Crossing","GC",2001,"Simulation","Nintendo",1.92,0.16,0.99,0.09,3.15
"1012",1012,1030,"Harry Potter and the Sorcerer's Stone","GB",2001,"Action","Electronic Arts",0.94,0.62,0.1,0.07,1.73
"955",955,973,"Midnight Club II","PS2",2003,"Racing","Take-Two Interactive",1.25,0.29,0,0.24,1.78
"965",965,983,"Wii Party U","WiiU",2013,"Misc","Nintendo",0.31,0.54,0.84,0.08,1.77
"47",47,47,"Super Mario 64","N64",1996,"Platform","Nintendo",6.91,2.85,1.91,0.23,11.89
"943",943,961,"Crazy Taxi","DC",2000,"Racing","Sega",1.1,0.51,0.12,0.08,1.81
"708",708,722,"Sonic Advance","GBA",2001,"Platform","Sega",1.19,0.71,0.22,0.13,2.24
"12",12,12,"Mario Kart DS","DS",2005,"Racing","Nintendo",9.81,7.57,4.13,1.92,23.42
"947",947,965,"Sonic Advance 2","GBA",2002,"Platform","Sega",0.93,0.59,0.21,0.07,1.8
"16",16,16,"Kinect Adventures!","X360",2010,"Misc","Microsoft Game Studios",14.97,4.94,0.24,1.67,21.82
"978",978,996,"Tom Clancy's Ghost Recon","XB",2002,"Shooter","Ubisoft",1.23,0.46,0,0.07,1.76
"949",949,967,"NBA 2K11","PS3",2010,"Action","Take-Two Interactive",1.41,0.21,0.03,0.16,1.8
"643",643,656,"Batman: Arkham Origins","PS3",2013,"Action","Warner Bros. Interactive Entertainment",1.07,0.87,0.04,0.4,2.39
"556",556,564,"Final Fantasy XIII-2","PS3",2011,"Role-Playing","Square Enix",0.78,0.75,0.89,0.26,2.68
"156",156,157,"Assassin's Creed II","PS3",2009,"Action","Ubisoft",2.54,1.95,0.21,0.87,5.57
"1074",1074,1092,"Tony Hawk's Pro Skater 3","PS",2001,"Sports","Activision",1.09,0.49,0.02,0.07,1.67
"757",757,773,"Toy Story 3: The Video Game","DS",2010,"Action","Disney Interactive Studios",0.93,0.97,0.02,0.21,2.12
"281",281,285,"The Legend of Zelda: Skyward Sword","Wii",2011,"Action","Nintendo",2.14,1.2,0.37,0.4,4.1
"421",421,426,"God of War: Chains of Olympus","PSP",2008,"Action","Sony Computer Entertainment",1.48,1.01,0.04,0.66,3.19
"666",666,679,"My Fitness Coach","Wii",2008,"Sports","Ubisoft",1.2,0.9,0,0.24,2.34
"490",490,497,"Sega Superstars Tennis","X360",2008,"Sports","Sega",1.75,0.86,0,0.28,2.9
"871",871,889,"Mortal Kombat II","SNES",1993,"Fighting","Acclaim Entertainment",1.48,0.39,0,0.06,1.93
"250",250,253,"Need for Speed: Most Wanted","PS2",2005,"Racing","Electronic Arts",2.03,1.79,0.08,0.47,4.37
"567",567,575,"Star Wars: Shadows of the Empire","N64",1996,"Action","Nintendo",2,0.5,0.12,0.03,2.65
"538",538,546,"Mario Paint","SNES",1992,"Misc","Nintendo",1.43,0.54,0.71,0.07,2.75
"222",222,224,"Driver 2","PS",2000,"Action","Atari",2.36,2.1,0.02,0.25,4.73
"731",731,746,"Donkey Kong Country","GB",2000,"Platform","Nintendo",1.04,0.72,0.3,0.13,2.19
"328",328,332,"The Witcher 3: Wild Hunt","PS4",2015,"Role-Playing","Namco Bandai Games",0.96,2,0.21,0.56,3.73
"91",91,92,"Super Mario Galaxy 2","Wii",2010,"Platform","Nintendo",3.66,2.42,0.98,0.64,7.69
"584",584,592,"NBA Live 2005","PS2",2004,"Sports","Electronic Arts",2.03,0.21,0,0.35,2.59
"194",194,196,"Guitar Hero II","PS2",2006,"Misc","RedOctane",3.81,0.63,0,0.68,5.12
"147",147,148,"Final Fantasy XII","PS2",2006,"Role-Playing","Square Enix",1.88,0,2.33,1.74,5.95
"863",863,881,"Scooby Doo and the Cyber Chase","PS",2001,"Adventure","THQ",0.59,1.23,0,0.13,1.94
"663",663,676,"Midnight Club: Los Angeles","X360",2008,"Racing","Take-Two Interactive",1.68,0.46,0.01,0.2,2.35
"844",844,861,"Sonic Classic Collection","DS",2010,"Platform","Sega",0.99,0.8,0,0.18,1.97
"794",794,811,"Kingdom Hearts: Birth by Sleep","PSP",2010,"Role-Playing","Square Enix",0.63,0.42,0.75,0.26,2.07
"261",261,265,"Namco Museum","GBA",2001,"Misc","Namco Bandai Games",3,1.11,0.05,0.07,4.24
"759",759,775,"Kirby's Epic Yarn","Wii",2010,"Platform","Nintendo",1.47,0.09,0.45,0.11,2.12
"334",334,338,"MySims","DS",2007,"Simulation","Electronic Arts",1.59,1.61,0.08,0.41,3.69
"296",296,300,"Fallout 3","PS3",2008,"Role-Playing","Bethesda Softworks",2.15,1.2,0.07,0.59,4.01
"879",879,897,"Need for Speed: Shift","X360",2009,"Racing","Electronic Arts",0.73,0.97,0.01,0.22,1.92
"849",849,867,"BioShock Infinite","X360",2013,"Shooter","Take-Two Interactive",1.22,0.57,0.02,0.15,1.96
"1018",1018,1036,"The Elder Scrolls Online","PS4",2015,"Role-Playing","Bethesda Softworks",0.66,0.78,0,0.28,1.72
"1027",1027,1045,"Deal or No Deal","DS",2007,"Misc","Mindscape",1.15,0.41,0,0.15,1.71
"1000",1000,1018,"Portal 2","PS3",2011,"Shooter","Valve",0.83,0.63,0.02,0.25,1.74
"448",448,454,"Borderlands 2","X360",2012,"Shooter","Take-Two Interactive",1.89,0.91,0.04,0.24,3.07
"1067",1067,1085,"SSX 3","PS2",2003,"Sports","Electronic Arts",0.93,0.52,0,0.22,1.67
"694",694,707,"Paper Mario: Sticker Star","3DS",2012,"Role-Playing","Nintendo",1.12,0.39,0.64,0.12,2.27
"170",170,171,"Dr. Mario","GB",1989,"Puzzle","Nintendo",2.18,0.96,2,0.2,5.34
"387",387,392,"F-1 Race","GB",1990,"Racing","Nintendo",1.73,0.69,0.59,0.4,3.41
"742",742,757,"The Sims: House Party","PC",2001,"Simulation","Electronic Arts",1.23,0.83,0,0.1,2.16
"336",336,340,"Tony Hawk's Pro Skater 4","PS2",2002,"Sports","Activision",2.13,1.18,0.01,0.35,3.67
"730",730,745,"Kirby's Pinball Land","GB",1992,"Misc","Nintendo",0.87,0.17,1.1,0.05,2.19
"422",422,427,"Dragon Quest VI: Maboroshi no Daichi","SNES",1995,"Role-Playing","Enix Corporation",0,0,3.19,0,3.19
"728",728,743,"Saints Row","X360",2006,"Action","THQ",1.17,0.78,0.02,0.22,2.19
"427",427,433,"Rhythm Heaven","DS",2008,"Misc","Nintendo",0.58,0.51,1.93,0.14,3.17
"723",723,738,"Wario Land 3","GB",2000,"Platform","Nintendo",1.11,0.51,0.34,0.23,2.2
"900",900,918,"Medal of Honor: European Assault (All Region sales)","PS2",2005,"Shooter","Electronic Arts",0.89,0.69,0.09,0.21,1.88
"714",714,728,"Prince of Persia: The Sands of Time","PS2",2003,"Action","Ubisoft",0.88,1.03,0,0.31,2.22
"494",494,501,"Call of Duty: Finest Hour","PS2",2004,"Shooter","Activision",1.51,1.12,0.01,0.24,2.89
"818",818,835,"Peter Jackson's King Kong: The Official Game of the Movie","PS2",2005,"Action","Ubisoft",0.71,1.02,0,0.31,2.04
"780",780,797,"Wipeout: The Game","Wii",2009,"Misc","Mindscape",1.97,0,0,0.12,2.09
"895",895,913,"Yokai Watch","3DS",2013,"Role-Playing","Nintendo",0.21,0.3,1.33,0.04,1.89
"316",316,320,"Mario & Luigi: Bowser's Inside Story","DS",2009,"Role-Playing","Nintendo",2.26,0.48,0.81,0.27,3.83
"813",813,830,"PGR4 - Project Gotham Racing 4","X360",2007,"Racing","Microsoft Game Studios",0.48,1.29,0.02,0.25,2.05
"364",364,368,"Rugrats in Paris: The Movie","PS",2000,"Action","THQ",1.96,1.33,0,0.23,3.52
"805",805,822,"Mario & Luigi: Dream Team","3DS",2013,"Role-Playing","Nintendo",0.89,0.57,0.46,0.13,2.06
"1032",1032,1050,"Cabela's Big Game Hunter 2010","Wii",2009,"Sports","Activision Value",1.58,0,0,0.12,1.7
"964",964,982,"High School Musical: Sing It!","Wii",2007,"Misc","Disney Interactive Studios",1.16,0.45,0,0.16,1.77
"100",100,101,"The Legend of Zelda: Twilight Princess","Wii",2006,"Action","Nintendo",3.83,2.19,0.6,0.7,7.31
"201",201,203,"Tony Hawk's Pro Skater","PS",1999,"Sports","Activision",3.42,1.38,0.02,0.2,5.02
"922",922,940,"Pinball","NES",1984,"Action","Nintendo",0.8,0.19,0.83,0.03,1.85
"283",283,287,"Carnival Games","Wii",2007,"Misc","Take-Two Interactive",2.13,1.5,0.05,0.42,4.1
"927",927,945,"Hey You, Pikachu!","N64",1998,"Simulation","Nintendo",0.83,0.06,0.93,0,1.83
"942",942,960,"DDRMAX2: Dance Dance Revolution","PS2",2003,"Simulation","Konami Digital Entertainment",1.05,0.59,0,0.18,1.81
"71",71,71,"Call of Duty 4: Modern Warfare","X360",2007,"Shooter","Activision",5.91,2.38,0.13,0.9,9.32
"661",661,674,"Donkey Kong Land II","GB",1996,"Platform","Nintendo",1.39,0.48,0.4,0.08,2.35
"551",551,559,"Mario vs. Donkey Kong: Mini-Land Mayhem!","DS",2010,"Puzzle","Nintendo",1.63,0.52,0.35,0.18,2.69
"705",705,719,"Madden NFL 12","PS3",2011,"Sports","Electronic Arts",1.93,0.15,0,0.17,2.25
"272",272,276,"FIFA 12","X360",2011,"Sports","Electronic Arts",0.84,2.79,0.02,0.53,4.19
"82",82,82,"Pokemon Black 2/Pokemon White 2","DS",2012,"Role-Playing","Nintendo",2.91,1.86,3.14,0.43,8.33
"648",648,661,"WCW/nWo Revenge","N64",1998,"Fighting","THQ",1.94,0.39,0.03,0.02,2.38
"394",394,399,"The Legend of Zelda: Majora's Mask","N64",2000,"Action","Nintendo",1.9,0.67,0.73,0.06,3.36
"709",709,723,"Spyro: Season of Ice","GBA",2001,"Platform","Vivendi Games",1.29,0.83,0,0.11,2.23
"471",471,478,"Battlefield: Bad Company 2","PS3",2010,"Shooter","Electronic Arts",1.33,1.12,0.08,0.45,2.97
"670",670,683,"NBA 2K16","XOne",2015,"Sports","Take-Two Interactive",1.93,0.14,0,0.24,2.32
"210",210,212,"Madden NFL 06","PS2",2005,"Sports","Electronic Arts",3.98,0.26,0.01,0.66,4.91
"481",481,488,"inFAMOUS","PS3",2009,"Action","Sony Computer Entertainment",1.76,0.69,0.12,0.37,2.94
"711",711,725,"LEGO Indiana Jones: The Original Adventures","DS",2008,"Action","Activision",1.42,0.61,0,0.21,2.23
"458",458,464,"Killzone 2","PS3",2009,"Shooter","Sony Computer Entertainment",1.4,1.07,0.08,0.47,3.02
"177",177,178,"Professor Layton and the Curious Village","DS",2007,"Puzzle","Nintendo",1.22,2.48,1.03,0.52,5.26
"228",228,230,"Tomb Raider","PS",1996,"Action","Eidos Interactive",2.29,1.97,0.13,0.24,4.63
"130",130,131,"Pokémon Emerald Version","GBA",2004,"Role-Playing","Nintendo",2.57,1.58,2.06,0.21,6.41
"651",651,664,"Madden NFL 11","PS3",2010,"Sports","Electronic Arts",2.04,0.15,0,0.19,2.38
"1048",1048,1066,"WCW vs. nWo: World Tour","N64",1997,"Fighting","THQ",1.37,0.28,0.03,0.02,1.69
"114",114,115,"Medal of Honor: Frontline","PS2",2002,"Shooter","Electronic Arts",2.93,2.75,0.17,0.99,6.83
"1",1,1,"Wii Sports","Wii",2006,"Sports","Nintendo",41.49,29.02,3.77,8.46,82.74
"994",994,1012,"Kirby's Adventure","NES",1993,"Platform","Nintendo",0.79,0.14,0.8,0.02,1.75
"800",800,817,"Tom Clancy's Splinter Cell: Conviction","X360",2010,"Action","Ubisoft",1.2,0.63,0.04,0.19,2.06
"457",457,463,"Rayman","PS",1995,"Platform","Ubisoft",1.54,1.33,0,0.16,3.03
"125",125,126,"Donkey Kong Country Returns","Wii",2010,"Platform","Nintendo",3.25,1.84,1.03,0.47,6.59
"633",633,643,"Dino Crisis","PS",1998,"Action","Capcom",0.81,0.76,0.7,0.14,2.41
"269",269,273,"Gran Turismo 5 Prologue","PS3",2007,"Racing","Sony Computer Entertainment",1.28,1.83,0.57,0.53,4.2
"318",318,322,"Nintendogs + cats","3DS",2011,"Simulation","Nintendo",1.44,1.37,0.73,0.27,3.81
"395",395,400,"Professor Layton and the Unwound Future","DS",2008,"Puzzle","Nintendo",0.65,1.61,0.82,0.28,3.36
"983",983,1001,"Call of Duty: Black Ops 3","X360",2015,"Shooter","Activision",1.11,0.48,0,0.16,1.76
"442",442,448,"Heavy Rain","PS3",2010,"Adventure","Sony Computer Entertainment",1.29,1.27,0.06,0.5,3.12
"910",910,928,"The Legend of Dragoon","PS",1999,"Role-Playing","Sony Computer Entertainment",0.94,0.44,0.39,0.1,1.86
"1030",1030,1048,"Kanshuu Nippon Joushikiryoku Kentei Kyoukai: Imasara Hito ni wa Kikenai Otona no Joushikiryoku Training DS","DS",2006,"Misc","Nintendo",0,0,1.71,0,1.71
"1089",1089,1107,"Dragon Ball Z: Budokai Tenkaichi","PS2",2005,"Fighting","Atari",0.96,0.12,0.54,0.04,1.66
"916",916,934,"Chrono Cross","PS",1999,"Role-Playing","SquareSoft",0.62,0.42,0.69,0.12,1.86
"576",576,584,"FIFA Soccer 10","X360",2009,"Sports","Electronic Arts",0.59,1.79,0.01,0.23,2.62
"719",719,733,"Assassin's Creed IV: Black Flag","XOne",2013,"Action","Ubisoft",1.47,0.55,0,0.19,2.21
"15",15,15,"Wii Fit Plus","Wii",2009,"Sports","Nintendo",9.09,8.59,2.53,1.79,22
"276",276,280,"Madden NFL 2003","PS2",2002,"Sports","Electronic Arts",3.36,0.21,0.01,0.56,4.14
"690",690,703,"FIFA Soccer 09","PS2",2008,"Sports","Electronic Arts",0.38,0.07,0.01,1.82,2.28
"128",128,129,"Assassin's Creed III","PS3",2012,"Action","Ubisoft",2.64,2.56,0.16,1.14,6.5
"749",749,764,"Super Mario RPG: Legend of the Seven Stars","SNES",1996,"Role-Playing","Nintendo",0.66,0,1.45,0.03,2.14
"559",559,567,"Guitar Hero: World Tour","X360",2008,"Misc","Activision",1.78,0.64,0,0.25,2.67
"1082",1082,1100,"Heavenly Sword","PS3",2007,"Action","Sony Computer Entertainment",0.57,0.73,0.06,0.3,1.66
"402",402,407,"Star Wars Episode III: Revenge of the Sith","PS2",2005,"Action","LucasArts",1.47,1.39,0.03,0.43,3.32
"894",894,912,"Madden NFL 09","PS3",2008,"Sports","Electronic Arts",1.56,0.15,0,0.18,1.89
"614",614,623,"Tomb Raider: The Last Revelation","PS",1998,"Action","Eidos Interactive",1.15,1.14,0.06,0.13,2.48
"473",473,480,"Star Wars: The Old Republic","PC",2011,"Role-Playing","Electronic Arts",1.58,1.01,0,0.38,2.97
"53",53,53,"Gran Turismo","PS",1997,"Racing","Sony Computer Entertainment",4.02,3.87,2.54,0.52,10.95
"852",852,870,"Soccer","NES",1985,"Sports","Nintendo",0.18,0.23,1.53,0.02,1.96
"523",523,530,"A Bug's Life","PS",1998,"Platform","Sony Computer Entertainment",1.96,0.72,0,0.11,2.79
"205",205,207,"Link's Crossbow Training","Wii",2007,"Shooter","Nintendo",3.06,1.18,0.29,0.46,5
"918",918,936,"Mario Party: Island Tour","3DS",2013,"Misc","Nintendo",0.61,0.59,0.55,0.11,1.85
"599",599,607,"Madden NFL 09","X360",2008,"Sports","Electronic Arts",2.21,0.12,0,0.2,2.54
"308",308,312,"Tekken 5","PS2",2005,"Fighting","Namco Bandai Games",0.93,1.94,0.31,0.7,3.87
"640",640,651,"Need for Speed (2015)","PS4",2015,"Racing","Electronic Arts",0.49,1.49,0.05,0.36,2.39
"1014",1014,1032,"Crash Bandicoot: The Huge Adventure","GBA",2002,"Platform","Universal Interactive",0.95,0.7,0,0.08,1.73
"229",229,231,"Guitar Hero III: Legends of Rock","Wii",2007,"Misc","Activision",3.06,1.12,0,0.44,4.62
"814",814,831,"Kingdom Hearts 358/2 Days","DS",2009,"Role-Playing","Square Enix",1.11,0.27,0.53,0.14,2.04
"1088",1088,1106,"NBA Live 2003","PS2",2002,"Sports","Electronic Arts",1.25,0.15,0.03,0.22,1.66
"1007",1007,1025,"Uncharted: Golden Abyss","PSV",2011,"Shooter","Sony Computer Entertainment",0.59,0.75,0.13,0.27,1.74
"492",492,499,"Need for Speed: Most Wanted","PS3",2012,"Racing","Electronic Arts",0.71,1.51,0.06,0.61,2.89
"507",507,514,"FIFA 16","PS3",2015,"Sports","Electronic Arts",0.4,1.98,0.05,0.42,2.85
"659",659,672,"Kirby's Dream Land 2","GB",1995,"Platform","Nintendo",0.69,0.14,1.48,0.05,2.36
"959",959,977,"Professor Layton and the Mask of Miracle","3DS",2011,"Puzzle","Nintendo",0.32,0.95,0.36,0.14,1.78
"1058",1058,1076,"NFL GameDay 98","PS",1997,"Sports","Sony Computer Entertainment",1.58,0.06,0,0.04,1.68
"842",842,859,"Resident Evil 6","X360",2012,"Shooter","Capcom",1.11,0.63,0.07,0.16,1.98
"302",302,306,"Donkey Kong Land","GB",1994,"Platform","Nintendo",1.97,0.76,1.07,0.11,3.91
"338",338,342,"Banjo-Kazooie","N64",1998,"Platform","Nintendo",1.87,1.13,0.55,0.1,3.65
"668",668,681,"The Sims 3","X360",2010,"Simulation","Electronic Arts",1.27,0.86,0,0.2,2.33
"528",528,535,"NBA Street","PS2",2001,"Sports","Electronic Arts",2.19,0.22,0,0.38,2.79
"325",325,329,"The Sims: Unleashed","PC",2002,"Simulation","Electronic Arts",2.03,1.56,0,0.17,3.76
"135",135,136,"Super Mario Sunshine","GC",2002,"Platform","Nintendo",4.01,1.26,0.87,0.17,6.31
"696",696,709,"Super Monkey Ball: Banana Blitz","Wii",2006,"Misc","Sega",1.07,0.92,0.04,0.24,2.27
"165",165,166,"Pokemon Stadium","N64",1999,"Strategy","Nintendo",3.18,1.24,0.94,0.09,5.45
"372",372,376,"Batman: Arkham Asylum","X360",2009,"Action","Eidos Interactive",2.2,0.97,0.02,0.31,3.5
"247",247,250,"Winning Eleven: Pro Evolution Soccer 2007","PS2",2006,"Sports","Konami Digital Entertainment",0.1,2.39,1.05,0.86,4.39
"840",840,857,"SimCity","SNES",1991,"Simulation","Nintendo",0.93,0.27,0.75,0.04,1.98
"1016",1016,1034,"Rockstar Games Double Pack: Grand Theft Auto III & Grand Theft Auto Vice City","PS2",2003,"Action","Take-Two Interactive",0.85,0.66,0,0.22,1.72
"979",979,997,"State of Emergency","PS2",2002,"Action","Take-Two Interactive",0.86,0.67,0,0.22,1.76
"876",876,894,"Mario Super Sluggers","Wii",2008,"Sports","Nintendo",1.51,0,0.29,0.12,1.93
"467",467,474,"The Sims: Livin Large","PC",2000,"Misc","Electronic Arts",1.67,1.18,0,0.13,2.99
"46",46,46,"Pokemon HeartGold/Pokemon SoulSilver","DS",2009,"Action","Nintendo",4.4,2.77,3.96,0.77,11.9
"116",116,117,"Crash Bandicoot","PS",1996,"Platform","Sony Computer Entertainment",3.23,2.35,0.94,0.3,6.82
"532",532,539,"inFAMOUS: Second Son","PS4",2014,"Action","Sony Computer Entertainment",1.27,0.97,0.07,0.47,2.78
"722",722,737,"Guitar Hero II","X360",2007,"Misc","Activision",2.01,0.02,0,0.17,2.2
"824",824,841,"NBA Live 2004","PS2",2003,"Sports","Electronic Arts",1.57,0.18,0,0.27,2.03
"1061",1061,1079,"Time Crisis","PS",1997,"Shooter","Namco Bandai Games",0.38,0.87,0.33,0.1,1.68
"804",804,821,"SoulCalibur II","PS2",2003,"Fighting","Namco Bandai Games",1.06,0.62,0.13,0.25,2.06
"506",506,513,"Skylanders: Spyro's Adventure","Wii",2011,"Action","Activision",1.4,1.14,0,0.31,2.85
"806",806,823,"Need for Speed: ProStreet","PS3",2007,"Racing","Electronic Arts",0.73,0.92,0.04,0.37,2.05
"184",184,186,"FIFA Soccer 13","X360",2012,"Action","Electronic Arts",1.08,3.48,0.03,0.58,5.18
"555",555,563,"Need for Speed: Shift","PS3",2009,"Racing","Electronic Arts",0.69,1.41,0.04,0.53,2.68
"1037",1037,1055,"Kirby's Return to Dreamland","Wii",2011,"Platform","Nintendo",0.62,0.21,0.79,0.08,1.7
"573",573,581,"ESPN NFL 2K5","PS2",2004,"Sports","Sega",2.15,0.12,0,0.36,2.62
"403",403,408,"Max Payne","PS2",2001,"Shooter","Take-Two Interactive",1.99,1.05,0.05,0.22,3.31
"630",630,640,"pro evolution soccer 2011","PS3",2010,"Sports","Konami Digital Entertainment",0.29,1.18,0.54,0.41,2.42
"426",426,431,"Fallout: New Vegas","PS3",2010,"Role-Playing","Bethesda Softworks",1.52,1.08,0.1,0.47,3.17
"526",526,533,"Mortal Kombat Trilogy","PS",1996,"Fighting","GT Interactive",1.98,0.7,0,0.11,2.79
"383",383,388,"LittleBigPlanet 2","PS3",2011,"Platform","Sony Computer Entertainment",1.82,1.07,0.06,0.47,3.42
"826",826,843,"Call of Duty 2","X360",2005,"Shooter","Activision",1.81,0.05,0.01,0.15,2.02
"515",515,522,"Myst","PC",1994,"Adventure","Red Orb",0.02,2.79,0,0,2.81
"884",884,902,"PaRappa The Rapper","PS",1996,"Misc","Sony Computer Entertainment",0.26,0.16,1.46,0.03,1.92
"476",476,483,"Hitman 2: Silent Assassin","PS2",2002,"Action","Eidos Interactive",1.36,1.15,0.04,0.41,2.96
"392",392,397,"The Legend of Zelda: Spirit Tracks","DS",2009,"Action","Nintendo",1.43,0.94,0.74,0.27,3.38
"332",332,336,"Pokémon Trading Card Game","GB",1998,"Strategy","Nintendo",1.49,0.73,1.38,0.1,3.7
"911",911,929,"Turok 2: Seeds of Evil","N64",1997,"Platform","Acclaim Entertainment",1.37,0.41,0.04,0.04,1.86
"1029",1029,1047,"Need for Speed Underground","XB",2003,"Racing","Electronic Arts",1.09,0.55,0,0.07,1.71
"209",209,211,"Uncharted: Drake's Fortune","PS3",2007,"Action","Sony Computer Entertainment",2.31,1.73,0.12,0.78,4.94
"115",115,116,"Uncharted 3: Drake's Deception","PS3",2011,"Action","Sony Computer Entertainment",2.77,2.8,0.19,1.06,6.83
"793",793,810,"Spec Ops: Airborne Commando","PS",2002,"Shooter","Take-Two Interactive",1.54,0.46,0,0.08,2.07
"491",491,498,"World Soccer Winning Eleven 7 International","PS2",2003,"Sports","Konami Digital Entertainment",0.08,1.24,1.13,0.45,2.9
"560",560,568,"Medal of Honor","PS",1998,"Shooter","Electronic Arts",1.44,1.09,0,0.14,2.67
"682",682,695,"Dead Island","PS3",2011,"Action","Deep Silver",1.08,0.75,0.15,0.31,2.29
"304",304,308,"Assassin's Creed IV: Black Flag","PS3",2013,"Action","Ubisoft",1.33,1.71,0.13,0.73,3.89
"975",975,993,"Sonic the Hedgehog 3","GEN",1994,"Platform","Sega",1.02,0.47,0.2,0.07,1.76
"220",220,222,"FIFA 17","PS4",2016,"Sports","Electronic Arts",0.28,3.75,0.06,0.69,4.77
"703",703,717,"Cool Boarders 2","PS",1997,"Sports","UEP Systems",1.52,0.46,0.2,0.08,2.25
"1062",1062,1080,"The Sims: Superstar","PC",2003,"Simulation","Electronic Arts",1.67,0,0,0,1.68
"553",553,561,"Burnout 3: Takedown","PS2",2004,"Racing","Electronic Arts",1.23,1.11,0,0.34,2.68
"1075",1075,1093,"Monsters, Inc.","GBA",2001,"Adventure","THQ",0.59,0.95,0.03,0.1,1.67
"763",763,779,"Borderlands","PS3",2009,"Shooter","Take-Two Interactive",1.2,0.62,0,0.29,2.11
"351",351,355,"The Simpsons: Road Rage","PS2",2001,"Racing","Electronic Arts",2.02,1.17,0,0.42,3.61
"19",19,19,"Super Mario World","SNES",1990,"Platform","Nintendo",12.78,3.75,3.54,0.55,20.61
"962",962,980,"The Legend of Zelda: The Wind Waker","WiiU",2013,"Action","Nintendo",0.93,0.57,0.14,0.13,1.77
"354",354,358,"Star Wars: Battlefront II","PS2",2005,"Shooter","LucasArts",2.18,1.02,0.03,0.37,3.59
"960",960,978,"Just Cause 2","PS3",2010,"Action","Square Enix",0.45,0.94,0.06,0.33,1.78
"637",637,647,"Tetris Plus","PS",1996,"Puzzle","JVC",2.1,0.24,0,0.07,2.4
"1080",1080,1098,"SpongeBob SquarePants: Battle for Bikini Bottom","PS2",2003,"Platform","THQ",1.08,0.45,0,0.14,1.67
"1005",1005,1023,"Madden NFL 99","PS",1998,"Sports","Electronic Arts",1.66,0.04,0,0.04,1.74
"56",56,56,"Call of Duty: Modern Warfare 2","PS3",2009,"Shooter","Activision",4.99,3.69,0.38,1.63,10.69
"140",140,141,"Gears of War 3","X360",2011,"Shooter","Microsoft Game Studios",4.05,1.62,0.07,0.49,6.24
"877",877,895,"Tomb Raider (2013)","X360",2013,"Action","Square Enix",0.86,0.87,0.01,0.17,1.92
"292",292,296,"Far Cry 4","PS4",2014,"Shooter","Ubisoft",1.12,2.12,0.1,0.69,4.03
"129",129,130,"Halo: Combat Evolved","XB",2001,"Shooter","Microsoft Game Studios",4.98,1.3,0.08,0.07,6.43
"87",87,87,"Final Fantasy X","PS2",2001,"Role-Playing","Sony Computer Entertainment",2.91,2.07,2.73,0.33,8.05
"111",111,112,"Just Dance 4","Wii",2012,"Misc","Ubisoft",4.14,2.21,0,0.56,6.91
"397",397,402,"Assassin's Creed IV: Black Flag","X360",2013,"Action","Ubisoft",1.9,1.14,0.01,0.29,3.34
"695",695,708,"Sonic's Ultimate Genesis Collection","PS3",2009,"Misc","Sega",1.34,0.62,0,0.31,2.27
"811",811,828,"Diablo III","PS3",2013,"Role-Playing","Activision",0.71,0.83,0.15,0.35,2.05
"297",297,301,"Professor Layton and the Diabolical Box","DS",2007,"Puzzle","Nintendo",0.92,1.78,0.92,0.37,4
"327",327,331,"Harry Potter and the Sorcerer's Stone","PS",2001,"Action","Electronic Arts",1.37,2,0.14,0.22,3.73
"619",619,629,"Midnight Club: Los Angeles","PS3",2008,"Racing","Take-Two Interactive",1.55,0.54,0.05,0.31,2.45
"76",76,76,"The Elder Scrolls V: Skyrim","X360",2011,"Role-Playing","Bethesda Softworks",5.03,2.86,0.1,0.85,8.84
"905",905,923,"Dynasty Warriors 3","PS2",2001,"Action","THQ",0.53,0.16,1.07,0.1,1.87
"882",882,900,"The Sims: Makin' Magic","PC",2003,"Simulation","Electronic Arts",1.03,0.8,0,0.09,1.92
"720",720,734,"Devil May Cry 3: Dante's Awakening Special Edition","PS2",2006,"Action","Capcom",1.06,0.82,0.05,0.28,2.21
"461",461,467,"WWE SmackDown! Shut Your Mouth","PS2",2002,"Sports","THQ",1.45,1.13,0.07,0.38,3.02
"224",224,226,"Tony Hawk's Pro Skater 2","PS",2000,"Sports","Activision",3.05,1.41,0.02,0.2,4.68
"38",38,38,"Call of Duty: Modern Warfare 3","PS3",2011,"Shooter","Activision",5.54,5.82,0.49,1.62,13.46
"374",374,379,"Star Wars Battlefront (2015)","XOne",2015,"Shooter","Electronic Arts",1.94,1.22,0.02,0.31,3.49
"685",685,698,"Need for Speed Underground 2","XB",2004,"Racing","Electronic Arts",1.38,0.8,0,0.1,2.28
"237",237,239,"Madden NFL 2005","PS2",2004,"Sports","Electronic Arts",4.18,0.26,0.01,0.08,4.53
"98",98,99,"Call of Duty: World at War","X360",2008,"Shooter","Activision",4.79,1.9,0,0.69,7.37
"163",163,164,"Mario Kart: Super Circuit","GBA",2001,"Racing","Nintendo",2.62,1.64,0.99,0.23,5.47
"717",717,731,"Need for Speed: Hot Pursuit","X360",2010,"Racing","Electronic Arts",1.03,0.98,0,0.21,2.22
"221",221,223,"Batman: Arkham City","X360",2011,"Action","Warner Bros. Interactive Entertainment",2.99,1.31,0.04,0.41,4.76
"615",615,624,"NBA 2K13","PS3",2012,"Sports","Take-Two Interactive",1.72,0.44,0.05,0.27,2.48
"1085",1085,1103,"Max Payne 3","X360",2012,"Shooter","Take-Two Interactive",0.86,0.64,0.01,0.14,1.66
"233",233,235,"Luigi's Mansion: Dark Moon","3DS",2013,"Action","Nintendo",1.78,1.39,1.1,0.3,4.58
"639",639,649,"Theme Hospital","PC",1997,"Strategy","Electronic Arts",2.3,0.1,0,0,2.4
"585",585,593,"LittleBigPlanet","PSP",2009,"Platform","Sony Computer Entertainment",0.64,1.24,0.01,0.69,2.58
"175",175,176,"Donkey Kong 64","N64",1999,"Platform","Nintendo",3.33,0.79,1.09,0.06,5.27
"28",28,28,"Brain Age 2: More Training in Minutes a Day","DS",2005,"Puzzle","Nintendo",3.44,5.36,5.32,1.18,15.3
"1045",1045,1063,"Jampack Winter '99","PS",1999,"Misc","Sony Computer Entertainment",0.94,0.64,0,0.11,1.69
"107",107,108,"Super Smash Bros. Melee","GC",2001,"Fighting","Nintendo",4.41,1.04,1.39,0.22,7.07
"679",679,692,"LEGO Marvel Super Heroes","X360",2013,"Action","Warner Bros. Interactive Entertainment",1.24,0.85,0,0.21,2.3
"644",644,657,"Dead Island","X360",2011,"Action","Deep Silver",1.48,0.71,0,0.2,2.39
"119",119,120,"Uncharted 2: Among Thieves","PS3",2009,"Action","Sony Computer Entertainment",3.27,2.25,0.21,1,6.73
"1013",1013,1031,"Disney Infinity","Wii",2013,"Action","Disney Interactive Studios",1.15,0.44,0,0.14,1.73
"752",752,767,"SimCity 2000","PC",1992,"Simulation","Maxis",1.2,0.84,0,0.1,2.14
"146",146,147,"The Last of Us","PS3",2013,"Action","Sony Computer Entertainment Europe",2.41,2.28,0.28,1.01,5.99
"625",625,635,"The Sims: Bustin' Out","PS2",2003,"Simulation","Electronic Arts",1.07,1.19,0,0.18,2.43
"359",359,363,"Tomb Raider III: Adventures of Lara Croft","PS",1997,"Action","Eidos Interactive",1.66,1.58,0.12,0.18,3.54
"218",218,220,"FIFA 15","PS3",2014,"Sports","Electronic Arts",0.57,3.14,0.04,1.07,4.82
"1076",1076,1094,"StarCraft II: Heart of the Swarm","PC",2013,"Strategy","Activision",0.82,0.65,0,0.19,1.67
"401",401,406,"Mario Party 9","Wii",2012,"Misc","Nintendo",1.15,1.17,0.76,0.24,3.32
"120",120,121,"Call of Duty 4: Modern Warfare","PS3",2007,"Shooter","Activision",3.1,2.3,0.28,1.04,6.72
"755",755,771,"Final Fantasy Tactics Advance","GBA",2003,"Role-Playing","SquareSoft",0.82,0.37,0.89,0.05,2.13
"355",355,359,"WWF SmackDown!","PS",2000,"Fighting","THQ",2.01,1.35,0.06,0.16,3.58
"23",23,23,"Super Mario Bros. 3","NES",1988,"Platform","Nintendo",9.54,3.44,3.84,0.46,17.28
"737",737,752,"Pokemon Ranger","DS",2006,"Role-Playing","Nintendo",1.29,0.04,0.73,0.12,2.18
"866",866,884,"Jet Moto 2","PS",1997,"Racing","Sony Computer Entertainment",1.41,0.42,0.03,0.07,1.94
"85",85,85,"GoldenEye 007","N64",1997,"Shooter","Nintendo",5.8,2.01,0.13,0.15,8.09
"2",2,2,"Super Mario Bros.","NES",1985,"Platform","Nintendo",29.08,3.58,6.81,0.77,40.24
"406",406,411,"Destiny","XOne",2014,"Shooter","Activision",2.13,0.92,0,0.23,3.28
"835",835,852,"Mortal Kombat vs. DC Universe","PS3",2008,"Fighting","Midway Games",1.48,0.3,0,0.22,2
"568",568,576,"LEGO Star Wars: The Complete Saga","X360",2007,"Action","LucasArts",1.53,0.87,0,0.24,2.64
"268",268,272,"Uncharted 4: A Thief's End","PS4",2016,"Shooter","Sony Computer Entertainment",1.3,2.07,0.18,0.65,4.2
"945",945,963,"Sly 2: Band of Thieves","PS2",2004,"Platform","Sony Computer Entertainment",0.88,0.69,0,0.23,1.81
"972",972,990,"WWF Attitude","PS",1998,"Fighting","Acclaim Entertainment",1.27,0.42,0,0.07,1.76
"389",389,394,"Crash Bash","PS",2000,"Misc","Sony Computer Entertainment",1.56,1.47,0.19,0.17,3.39
"424",424,429,"Enter the Matrix","PS2",2003,"Action","Atari",1.78,1.12,0.09,0.19,3.18
"859",859,877,"NBA Street Vol. 2","PS2",2003,"Sports","Electronic Arts",1.69,0.2,0,0.06,1.95
"83",83,83,"FIFA Soccer 13","PS3",2012,"Action","Electronic Arts",1.06,5.05,0.13,2.01,8.24
"289",289,293,"World Soccer Winning Eleven 9","PS2",2005,"Sports","Konami Digital Entertainment",0.12,2.26,0.9,0.77,4.06
"340",340,344,"Guitar Hero: World Tour","Wii",2008,"Misc","Activision",2.33,0.97,0,0.35,3.65
"489",489,496,"Sonic Mega Collection Plus","PS2",2004,"Misc","Sega",1.54,1.14,0,0.22,2.9
"850",850,868,"Hot Shots Golf: Open Tee","PSP",2004,"Sports","Sony Computer Entertainment",0.5,0.5,0.63,0.33,1.96
"735",735,750,"Forza Motorsport 5","XOne",2013,"Racing","Microsoft Game Studios",1.21,0.78,0.01,0.17,2.18
"807",807,824,"Carnival Games","DS",2008,"Misc","Take-Two Interactive",1.23,0.64,0,0.19,2.05
"656",656,669,"Tony Hawk's Underground 2","PS2",2004,"Sports","Activision",1.25,0.86,0.01,0.26,2.37
"921",921,939,"Kingdom Hearts: Chain of Memories","GBA",2004,"Role-Playing","Square Enix",1.26,0.18,0.35,0.06,1.85
"366",366,370,"Left 4 Dead","X360",2008,"Shooter","Electronic Arts",2.66,0.5,0.05,0.3,3.52
"21",21,21,"Pokemon Diamond/Pokemon Pearl","DS",2006,"Role-Playing","Nintendo",6.42,4.52,6.04,1.37,18.36
"627",627,637,"Tom Clancy's Rainbow Six: Vegas 2","X360",2008,"Shooter","Ubisoft",1.56,0.61,0.02,0.23,2.42
"634",634,644,"Minecraft","XOne",2014,"Misc","Microsoft Game Studios",1.43,0.76,0,0.22,2.41
"932",932,950,"Secret of Mana","SNES",1993,"Role-Playing","SquareSoft",0.25,0.07,1.49,0.02,1.83
"825",825,842,"Dead Space","PS3",2008,"Action","Electronic Arts",1.05,0.67,0,0.3,2.02
"1078",1078,1096,"Spy Hunter","PS2",2001,"Racing","Midway Games",1.13,0.32,0,0.22,1.67
"14",14,14,"Wii Fit","Wii",2007,"Sports","Nintendo",8.94,8.03,3.6,2.15,22.72
"609",609,618,"Rockstar Games Double Pack: Grand Theft Auto III & Grand Theft Auto Vice City","XB",2003,"Action","Take-Two Interactive",1.84,0.56,0,0.09,2.49
"557",557,565,"Mortal Kombat","GEN",1992,"Fighting","Arena Entertainment",1.95,0.63,0,0.09,2.67
"133",133,134,"Halo 3: ODST","X360",2009,"Shooter","Microsoft Game Studios",4.34,1.35,0.06,0.61,6.36
"1055",1055,1073,"Call of Duty Black Ops: Declassified","PSV",2012,"Action","Activision",0.8,0.52,0.07,0.3,1.69
"400",400,405,"Ratchet & Clank","PS2",2002,"Platform","Sony Computer Entertainment",1.44,1.01,0.57,0.3,3.33
"370",370,374,"Assassin's Creed: Brotherhood","X360",2010,"Action","Ubisoft",2.84,0.39,0.03,0.24,3.5
"697",697,710,"Kirby: Nightmare in Dream Land","GBA",2002,"Platform","Nintendo",1.22,0.1,0.91,0.04,2.27
"26",26,26,"Pokemon Ruby/Pokemon Sapphire","GBA",2002,"Role-Playing","Nintendo",6.06,3.9,5.38,0.5,15.85
"902",902,920,"High School Musical: Sing It!","PS2",2007,"Misc","Disney Interactive Studios",0.47,0.08,0,1.33,1.87
"641",641,652,"Zumba Fitness","X360",2010,"Sports","505 Games",1.74,0.48,0,0.18,2.39
"187",187,189,"Tomodachi Life","3DS",2013,"Simulation","Nintendo",0.96,2.02,1.89,0.28,5.15
"322",322,326,"Resident Evil Director's Cut","PS",1996,"Action","Virgin Interactive",1.82,1.24,0.47,0.25,3.77
"174",174,175,"Final Fantasy X-2","PS2",2003,"Role-Playing","Electronic Arts",1.92,1.08,2.11,0.17,5.29
"232",232,234,"Mario & Sonic at the Olympic Winter Games","Wii",2009,"Sports","Sega",1.89,1.99,0.22,0.48,4.58
"349",349,353,"Star Wars: Battlefront","PS2",2004,"Shooter","LucasArts",1.93,1.22,0.03,0.44,3.61
"197",197,199,"Grand Theft Auto: Vice City Stories","PSP",2006,"Action","Take-Two Interactive",1.7,2.02,0.16,1.21,5.08
"981",981,999,"Hitman: Absolution","X360",2012,"Action","Square Enix",0.68,0.9,0.01,0.17,1.76
"592",592,600,"Dragon Age: Origins","X360",2009,"Role-Playing","Electronic Arts",1.76,0.56,0.03,0.22,2.57
"593",593,601,"Madden NFL 08","PS2",2007,"Sports","Electronic Arts",2.14,0.08,0,0.35,2.57
"596",596,604,"Madden NFL 13","PS3",2012,"Sports","Electronic Arts",2.11,0.23,0,0.22,2.56
"31",31,31,"Pokémon Yellow: Special Pikachu Edition","GB",1998,"Role-Playing","Nintendo",5.89,5.04,3.12,0.59,14.64
"488",488,495,"Titanfall","XOne",2014,"Shooter","Electronic Arts",1.84,0.8,0.04,0.22,2.9
"681",681,694,"Pokemon Ranger: Shadows of Almia","DS",2008,"Role-Playing","Nintendo",0.95,0.54,0.62,0.18,2.3
"516",516,523,"Need for Speed: Hot Pursuit","PS3",2010,"Racing","Electronic Arts",1.05,1.25,0.03,0.48,2.81
"262",262,266,"Metal Gear Solid 3: Snake Eater","PS2",2004,"Action","Konami Digital Entertainment",1.46,0,0.83,1.93,4.23
"509",509,516,"BioShock","X360",2007,"Shooter","Take-Two Interactive",1.65,0.86,0.05,0.28,2.83
"79",79,79,"Wii Party","Wii",2010,"Misc","Nintendo",1.79,3.53,2.49,0.68,8.49
"1073",1073,1091,"Disney's DuckTales","NES",1989,"Platform","Capcom",0.91,0.3,0.42,0.04,1.67
"277",277,281,"Watch Dogs","PS4",2014,"Action","Ubisoft",1.4,1.86,0.11,0.77,4.14
"698",698,711,"Wario Land 4","GBA",2001,"Platform","Nintendo",0.9,0.73,0.54,0.09,2.26
"213",213,215,"Monster Hunter Freedom 3","PSP",2010,"Role-Playing","Capcom",0,0,4.87,0,4.87
"629",629,639,"Ice Hockey","NES",1988,"Sports","Nintendo",1.27,0.32,0.78,0.05,2.42
"13",13,13,"Pokemon Gold/Pokemon Silver","GB",1999,"Role-Playing","Nintendo",9,6.18,7.2,0.71,23.1
"273",273,277,"Teenage Mutant Ninja Turtles","NES",1989,"Action","Palcom",3.38,0.44,0.31,0.04,4.17
"1035",1035,1053,"We Ski","Wii",2008,"Sports","Namco Bandai Games",0.99,0.42,0.14,0.15,1.7
"833",833,850,"DriveClub","PS4",2014,"Racing","Sony Computer Entertainment",0.35,1.31,0.02,0.33,2
"303",303,307,"Tony Hawk's Underground","PS2",2003,"Sports","Activision",2.29,1.17,0.01,0.42,3.9
"330",330,334,"Spyro: Year of the Dragon","PS",2000,"Platform","Sony Computer Entertainment",1.93,1.58,0,0.19,3.71
"618",618,628,"uDraw Studio","Wii",2010,"Misc","THQ",1.67,0.58,0,0.2,2.46
"990",990,1008,"Pro Evolution Soccer","PS2",2001,"Sports","Konami Digital Entertainment",0.06,0.9,0.53,0.27,1.75
"537",537,544,"Saints Row: The Third","X360",2011,"Action","THQ",1.25,1.15,0.07,0.3,2.77
"980",980,998,"BioShock Infinite","PS3",2013,"Shooter","Take-Two Interactive",0.72,0.69,0.04,0.31,1.76
"138",138,139,"Driver","PS",1999,"Action","GT Interactive",3.11,2.8,0.02,0.33,6.27
"736",736,751,"Madden NFL 25","X360",2013,"Sports","Electronic Arts",1.97,0.07,0,0.13,2.18
"117",117,118,"Zumba Fitness","Wii",2010,"Sports","505 Games",3.5,2.64,0,0.67,6.81
"326",326,330,"Super Paper Mario","Wii",2007,"Platform","Nintendo",1.98,0.88,0.59,0.32,3.76
"248",248,251,"The Elder Scrolls IV: Oblivion","X360",2006,"Role-Playing","Take-Two Interactive",2.82,1.05,0.13,0.4,4.39
"967",967,985,"Final Fantasy II","SNES",1991,"Role-Playing","Square",0.24,0.09,1.33,0.12,1.77
"647",647,660,"Kinect: Disneyland Adventures","X360",2011,"Misc","Microsoft Game Studios",1.73,0.46,0.02,0.18,2.38
"1086",1086,1104,"NBA Ballers","PS2",2004,"Sports","Midway Games",0.81,0.63,0,0.21,1.66
"941",941,959,"The Evil Within","PS4",2014,"Action","Bethesda Softworks",0.55,0.84,0.11,0.31,1.81
"746",746,761,"Volleyball","NES",1987,"Sports","Nintendo",0.14,0.03,1.98,0,2.15
"1022",1022,1040,"Madden NFL 2005","XB",2004,"Sports","Electronic Arts",1.61,0.03,0,0.08,1.72
"214",214,216,"Dr. Mario","NES",1990,"Puzzle","Nintendo",2.62,0.6,1.52,0.1,4.85
"968",968,986,"Kirby 64: The Crystal Shards","N64",2000,"Platform","Nintendo",0.63,0.06,1.03,0.04,1.77
"423",423,428,"Dance Central","X360",2010,"Misc","MTV Games",2.15,0.77,0.01,0.26,3.19
"474",474,481,"Sonic Heroes","PS2",2003,"Platform","Sega",1.04,1.37,0.06,0.49,2.96
"4",4,4,"Wii Sports Resort","Wii",2009,"Sports","Nintendo",15.75,11.01,3.28,2.96,33
"88",88,88,"Final Fantasy VIII","PS",1999,"Role-Playing","SquareSoft",2.28,1.72,3.63,0.23,7.86
"758",758,774,"Final Fantasy III","DS",2006,"Role-Playing","Square Enix",0.91,0.05,1.07,0.09,2.12
"161",161,162,"Monster Hunter Freedom Unite","PSP",2008,"Role-Playing","Capcom",0.47,0.57,4.13,0.34,5.5
"1047",1047,1065,"FIFA 16","X360",2015,"Sports","Electronic Arts",0.55,1.01,0,0.13,1.69
"469",469,476,"Devil May Cry","PS2",2001,"Action","Capcom",1.36,0.86,0.64,0.13,2.99
"477",477,484,"Street Fighter IV","X360",2009,"Fighting","Capcom",1.82,0.71,0.15,0.26,2.95
"278",278,282,"Half-Life","PC",1997,"Shooter","Vivendi Games",4.03,0,0.09,0,4.12
"108",108,109,"Mario Kart 8","WiiU",2014,"Racing","Nintendo",3.13,2.07,1.27,0.49,6.96
"404",404,409,"The Lord of the Rings: The Return of the King","PS2",2003,"Action","Electronic Arts",1.5,1.28,0.05,0.46,3.28
"429",429,435,"Club Penguin: Elite Penguin Force","DS",2008,"Adventure","Disney Interactive Studios",1.88,0.98,0,0.3,3.16
"924",924,942,"Gran Turismo Concept 2001 Tokyo","PS2",2001,"Racing","Unknown",0,1.1,0.42,0.33,1.84
"11",11,11,"Nintendogs","DS",2005,"Simulation","Nintendo",9.07,11,1.93,2.75,24.76
"739",739,754,"Final Fantasy XIII","X360",2010,"Role-Playing","Square Enix",1.27,0.68,0.01,0.2,2.17
"946",946,964,"Guitar Hero: World Tour","PS2",2008,"Misc","Activision",1,0.03,0,0.77,1.8
"938",938,956,"The Sims: Hot Date","PC",2001,"Simulation","Electronic Arts",1.81,0,0,0,1.82
"887",887,905,"Star Wars: The Force Unleashed","Wii",2008,"Action","LucasArts",1.14,0.57,0,0.19,1.91
"674",674,687,"James Bond 007: Everything or Nothing","PS2",2004,"Shooter","Electronic Arts",0.85,1.06,0.09,0.32,2.31
"860",860,878,"Def Jam Vendetta","PS2",2003,"Fighting","Electronic Arts",0.95,0.74,0,0.25,1.94
"854",854,872,"Tom Clancy's Rainbow Six: Vegas","X360",2006,"Shooter","Ubisoft",1.09,0.65,0.02,0.2,1.96
"202",202,204,"Super Smash Bros. for Wii U and 3DS","WiiU",2014,"Fighting","Nintendo",2.59,1.06,0.8,0.57,5.02
"9",9,9,"New Super Mario Bros. Wii","Wii",2009,"Platform","Nintendo",14.59,7.06,4.7,2.26,28.62
"956",956,974,"Dragon Quest Monsters: Joker","DS",2006,"Role-Playing","Square Enix",0.23,0.03,1.49,0.03,1.78
"552",552,560,"Skate 3","X360",2010,"Sports","Electronic Arts",1.46,0.98,0,0.24,2.68
"802",802,819,"The Incredibles","GBA",2004,"Action","THQ",1.15,0.77,0.04,0.1,2.06
"339",339,343,"SOCOM: U.S. Navy SEALs","PS2",2002,"Shooter","Sony Computer Entertainment",2.53,0.81,0.06,0.24,3.65
"358",358,362,"The Getaway","PS2",2002,"Action","Sony Computer Entertainment",1.23,1.77,0.05,0.49,3.54
"155",155,156,"Tetris","NES",1988,"Puzzle","Nintendo",2.97,0.69,1.81,0.11,5.58
"782",782,799,"Battlefield: Hardline","PS4",2015,"Shooter","Electronic Arts",0.7,0.93,0.14,0.32,2.09
"256",256,260,"Fable II","X360",2008,"Role-Playing","Microsoft Game Studios",2.51,1.27,0.11,0.41,4.31
"783",783,800,"Metal Gear Solid: Peace Walker","PSP",2010,"Action","Konami Digital Entertainment",0.46,0.42,0.96,0.25,2.09
"305",305,309,"Monster Hunter 4 Ultimate","3DS",2014,"Role-Playing","Nintendo",0.67,0.49,2.62,0.11,3.89
"345",345,349,"Pro Evolution Soccer 2008","PS2",2007,"Sports","Konami Digital Entertainment",0.05,0,0.64,2.93,3.63
"379",379,384,"Monster Hunter 4","3DS",2013,"Role-Playing","Capcom",0,0,3.44,0,3.44
"1042",1042,1060,"NBA 2K15","XOne",2014,"Sports","Take-Two Interactive",1.36,0.18,0,0.15,1.69
"465",465,472,"Middle-Earth: Shadow of Mordor","PS4",2014,"Action","Warner Bros. Interactive Entertainment",1.01,1.41,0.05,0.53,2.99
"929",929,947,"World of Warcraft: Mists of Pandaria","PC",2012,"Role-Playing","Activision",0.84,0.76,0,0.23,1.83
"586",586,594,"Killzone: Shadow Fall","PS4",2013,"Shooter","Sony Computer Entertainment",0.89,1.33,0.07,0.28,2.58
"337",337,341,"Midnight Club 3: DUB Edition","PSP",2005,"Racing","Take-Two Interactive",1.65,1.22,0,0.79,3.66
"901",901,919,"WCW Nitro","PS",1998,"Fighting","THQ",1.42,0.36,0.03,0.07,1.88
"415",415,420,"Yokai Watch 2 Ganso/Honke","3DS",2014,"Role-Playing","Nintendo",0.03,0,3.18,0,3.22
"102",102,103,"Just Dance","Wii",2009,"Misc","Ubisoft",3.51,3.03,0,0.73,7.27
"772",772,789,"Project Gotham Racing (JP weekly sales)","XB",2002,"Action","Microsoft Game Studios",1.54,0.44,0.04,0.07,2.1
"239",239,242,"Spider-Man: The Movie","PS2",2002,"Action","Activision",2.71,1.51,0.03,0.23,4.48
"486",486,493,"Super Mario World 2: Yoshi's Island","GBA",2002,"Platform","Nintendo",1.75,0.45,0.62,0.09,2.91
"613",613,622,"Pure","X360",2008,"Racing","Disney Interactive Studios",1.38,0.85,0,0.25,2.48
"741",741,756,"Tennis","NES",1984,"Sports","Nintendo",0.48,0.11,1.56,0.02,2.17
"55",55,55,"Gran Turismo 5","PS3",2010,"Racing","Sony Computer Entertainment",2.96,4.88,0.81,2.12,10.77
"65",65,65,"New Super Mario Bros. 2","3DS",2012,"Platform","Nintendo",3.66,3.07,2.47,0.63,9.82
"77",77,77,"Super Mario Kart","SNES",1992,"Racing","Nintendo",3.54,1.24,3.81,0.18,8.76
"602",602,611,"Game Party","Wii",2007,"Misc","Midway Games",1.5,0.78,0,0.24,2.52
"244",244,247,"Nintendo Land","WiiU",2012,"Misc","Nintendo",2.55,1.11,0.46,0.33,4.44
"459",459,465,"Tom Clancy's Splinter Cell","XB",2002,"Action","Ubisoft",1.85,1.04,0,0.13,3.02
"173",173,174,"Final Fantasy IX","PS",2000,"Role-Playing","SquareSoft",1.62,0.77,2.78,0.14,5.3
"410",410,415,"Monster Hunter X","3DS",2015,"Action","Capcom",0.25,0.19,2.78,0.04,3.26
"274",274,278,"Excitebike","NES",1984,"Racing","Nintendo",2.04,0.48,1.57,0.07,4.16
"34",34,34,"Call of Duty: Black Ops 3","PS4",2015,"Shooter","Activision",5.77,5.81,0.35,2.31,14.24
"104",104,105,"Need for Speed Underground","PS2",2003,"Racing","Electronic Arts",3.27,2.83,0.08,1.02,7.2
"18",18,18,"Grand Theft Auto: San Andreas","PS2",2004,"Action","Take-Two Interactive",9.43,0.4,0.41,10.57,20.81
"483",483,490,"Mass Effect","X360",2007,"Role-Playing","Microsoft Game Studios",1.83,0.8,0.03,0.27,2.93
"673",673,686,"Grand Theft Auto","PS",1997,"Action","Take-Two Interactive",0.79,1.35,0.04,0.14,2.32
"487",487,494,"FIFA 14","PS4",2013,"Sports","Electronic Arts",0.61,1.85,0.11,0.33,2.9
"861",861,879,"FIFA Soccer 09","X360",2008,"Sports","Electronic Arts",0.49,1.26,0.01,0.18,1.94
"562",562,570,"Hannah Montana","DS",2006,"Action","Disney Interactive Studios",1.59,0.8,0,0.26,2.65
"341",341,345,"Gran Turismo 6","PS3",2013,"Racing","Sony Computer Entertainment",0.71,1.8,0.4,0.74,3.64
"346",346,350,"Call of Duty: Ghosts","PS4",2013,"Shooter","Activision",1.78,1.42,0.05,0.38,3.63
"417",417,422,"Baseball","NES",1983,"Sports","Nintendo",0.73,0.1,2.35,0.02,3.2
"1052",1052,1070,"Dragon Ball Z: The Legacy of Goku","GBA",2002,"Role-Playing","Infogrames",1.52,0.12,0,0.05,1.69
"169",169,170,"Final Fantasy XIII","PS3",2009,"Role-Playing","Square Enix",1.74,1.24,1.87,0.52,5.36
"525",525,532,"Dragon Quest V: Tenkuu no Hanayome","SNES",1992,"Role-Playing","Enix Corporation",0,0,2.78,0.01,2.79
"789",789,806,"Ghostbusters: The Video Game (DS Version)","PS3",2010,"Action","Take-Two Interactive",0.59,0.99,0.13,0.36,2.08
"816",816,833,"Rayman Raving Rabbids: TV Party","Wii",2008,"Misc","Ubisoft",0.73,1.09,0,0.23,2.04
"142",142,143,"Metal Gear Solid 2: Sons of Liberty","PS2",2001,"Action","Konami Digital Entertainment",2.45,2.01,0.87,0.72,6.05
"1077",1077,1095,"PGR: Project Gotham Racing 2","XB",2003,"Racing","Microsoft Game Studios",0.97,0.59,0.04,0.07,1.67
"740",740,755,"Star Wars: Rogue Squadron","N64",1998,"Simulation","Nintendo",1.6,0.46,0.08,0.03,2.17
"671",671,684,"Just Dance Kids","Wii",2010,"Misc","Ubisoft",1.57,0.56,0,0.19,2.32
"547",547,555,"Mario Party","N64",1998,"Misc","Nintendo",1.25,0.53,0.87,0.05,2.7
"817",817,834,"SOCOM: U.S. Navy SEALs: Combined Assault","PS2",2006,"Shooter","Sony Computer Entertainment",1.74,0.02,0,0.28,2.04
"447",447,453,"World Class Track Meet","NES",1986,"Sports","Namco Bandai Games",1.92,0.45,0.64,0.07,3.08
"145",145,146,"Metal Gear Solid","PS",1998,"Action","Konami Digital Entertainment",3.18,1.83,0.78,0.24,6.03
"1008",1008,1026,"Destiny","PS3",2014,"Shooter","Activision",0.67,0.66,0.12,0.27,1.73
"1017",1017,1035,"The Order: 1886","PS4",2015,"Shooter","Sony Computer Entertainment",0.61,0.78,0.06,0.27,1.72
"94",94,95,"The Legend of Zelda: Ocarina of Time","N64",1998,"Action","Nintendo",4.1,1.89,1.45,0.16,7.6
"72",72,72,"Donkey Kong Country","SNES",1994,"Platform","Nintendo",4.36,1.71,3,0.23,9.3
"765",765,781,"PES 2009: Pro Evolution Soccer","PS3",2008,"Sports","Konami Digital Entertainment",0.11,1.34,0.4,0.26,2.11
"425",425,430,"Super Mario Maker","WiiU",2015,"Platform","Nintendo",1.18,0.87,0.93,0.2,3.18
"571",571,579,"Halo Wars","X360",2009,"Strategy","Microsoft Game Studios",1.53,0.82,0.04,0.24,2.63
"329",329,333,"Resident Evil 3: Nemesis","PS",1999,"Action","Eidos Interactive",1.3,0.77,1.54,0.11,3.72
"112",112,113,"FIFA 14","PS3",2013,"Sports","Electronic Arts",0.78,4.32,0.07,1.73,6.9
"591",591,599,"Art Academy","DS",2010,"Misc","Nintendo",0.28,1.68,0.33,0.28,2.57
"631",631,641,"Dragon Ball Z: Budokai 2","PS2",2003,"Fighting","Atari",1.63,0.22,0.51,0.06,2.41
"90",90,91,"Grand Theft Auto: Liberty City Stories","PSP",2005,"Action","Take-Two Interactive",2.9,2.83,0.24,1.75,7.72
"898",898,916,"Mortal Kombat: Deception","PS2",2004,"Fighting","Midway Games",0.92,0.72,0,0.24,1.88
"836",836,853,"Tenchu: Stealth Assassins","PS",1997,"Action","Activision",0.95,0.64,0.27,0.13,1.99
"1002",1002,1020,"Forza Motorsport 6","XOne",2015,"Racing","Microsoft Game Studios",0.69,0.89,0.03,0.14,1.74
"775",775,792,"Devil May Cry 3: Dante's Awakening","PS2",2005,"Action","Capcom",0.99,0.63,0.29,0.19,2.09
"64",64,64,"Mario Kart 64","N64",1996,"Racing","Nintendo",5.55,1.94,2.23,0.15,9.87
"136",136,137,"Street Fighter II: The World Warrior","SNES",1992,"Fighting","Capcom",2.47,0.83,2.87,0.12,6.3
"725",725,740,"Sonic Unleashed","Wii",2008,"Platform","Sega",1.28,0.68,0.02,0.21,2.2
"437",437,443,"Need for Speed III: Hot Pursuit","PS",1998,"Racing","Electronic Arts",2.14,0.86,0,0.13,3.12
"263",263,267,"Daxter","PSP",2006,"Platform","Sony Computer Entertainment",2.45,1.02,0,0.75,4.22
"653",653,666,"Madden NFL 08","X360",2007,"Sports","Electronic Arts",2.18,0.01,0,0.18,2.37
"810",810,827,"Sonic Mega Collection","GC",2002,"Misc","Infogrames",1.47,0.48,0.05,0.06,2.05
"566",566,574,"Super Mario Bros.: The Lost Levels","NES",1986,"Platform","Nintendo",0,0,2.65,0,2.65
"822",822,839,"1080°: TenEighty Snowboarding","N64",1998,"Sports","Nintendo",1.25,0.61,0.13,0.05,2.03
"580",580,588,"Super Mario All-Stars: Limited Edition","Wii",2010,"Platform","Nintendo",1.02,0.52,0.92,0.14,2.6
"543",543,551,"Call of Duty 3","X360",2006,"Shooter","Activision",1.49,0.93,0.02,0.27,2.71
"335",335,339,"Friend Collection","DS",2009,"Misc","Nintendo",0,0,3.67,0,3.67
"496",496,503,"Syphon Filter","PS",1999,"Shooter","Sony Computer Entertainment",2.03,0.72,0.02,0.11,2.88
"595",595,603,"Dragon Warrior II","NES",1987,"Role-Playing","Enix Corporation",0.15,0,2.41,0,2.56
"764",764,780,"Tony Hawk's Pro Skater","N64",2000,"Sports","Activision",1.68,0.4,0,0.03,2.11
"376",376,381,"Guitar Hero: On Tour","DS",2008,"Misc","Activision",2.11,1.01,0.01,0.35,3.48
"500",500,507,"Madden NFL 13","X360",2012,"Sports","Electronic Arts",2.53,0.16,0,0.17,2.86
"206",206,208,"Guitar Hero III: Legends of Rock","PS2",2007,"Misc","Activision",3.49,0.01,0.01,1.48,4.98
"925",925,943,"Demon's Souls","PS3",2009,"Role-Playing","Namco Bandai Games",0.97,0.34,0.35,0.18,1.84
"539",539,547,"Assassin's Creed IV: Black Flag","PS4",2013,"Action","Ubisoft",1.07,1.31,0.06,0.31,2.74
"969",969,987,"Dead or Alive 3","XB",2001,"Fighting","Microsoft Game Studios",1.19,0.29,0.24,0.06,1.77
"313",313,317,"Flash Focus: Vision Training in Minutes a Day","DS",2007,"Misc","Nintendo",0.87,1.57,1.05,0.35,3.84
"828",828,845,"Forza Horizon","X360",2012,"Racing","Microsoft Game Studios",0.82,0.98,0.04,0.18,2.02
"264",264,268,"Warcraft II: Tides of Darkness","PC",1995,"Strategy","Activision",1.7,2.27,0,0.23,4.21
"286",286,290,"Fallout: New Vegas","X360",2010,"Role-Playing","Bethesda Softworks",2.65,1.06,0.04,0.33,4.08
"300",300,304,"EA Sports Active","Wii",2009,"Sports","Electronic Arts",2.1,1.36,0.06,0.4,3.92
"831",831,848,"LEGO Marvel Super Heroes","PS3",2013,"Action","Warner Bros. Interactive Entertainment",0.77,0.85,0.01,0.37,2
"1071",1071,1089,"Knack","PS4",2013,"Platform","Sony Computer Entertainment Europe",0.43,0.67,0.42,0.15,1.67
"982",982,1000,"2 Games in 1 Double Pack: The Incredibles / Finding Nemo: The Continuing Adventures","GBA",2007,"Action","THQ",1.26,0.47,0,0.03,1.76
"753",753,769,"Dance Dance Revolution Extreme","PS2",2004,"Simulation","Konami Digital Entertainment",1.04,0.81,0,0.27,2.13
"578",578,586,"Style Savvy","DS",2008,"Simulation","Nintendo",0.63,0.84,0.96,0.19,2.61
"829",829,846,"TouchMaster","DS",2007,"Puzzle","Midway Games",0.49,1.27,0,0.25,2.01
"1069",1069,1087,"Madden NFL 2001","PS",2000,"Sports","Electronic Arts",1.58,0.05,0,0.04,1.67
"428",428,434,"Ace Combat 04: Shattered Skies","PS2",2001,"Simulation","Sony Computer Entertainment Europe",2.06,0.56,0.38,0.17,3.17
"864",864,882,"Alleyway","GB",1989,"Puzzle","Nintendo",0.96,0.38,0.55,0.05,1.94
"78",78,78,"FIFA 16","PS4",2015,"Sports","Electronic Arts",1.11,6.06,0.06,1.26,8.49
"657",657,670,"Madden NFL 10","PS3",2009,"Sports","Electronic Arts",2.03,0.13,0,0.21,2.37
"166",166,167,"Call of Duty: World at War","PS3",2008,"Shooter","Activision",2.72,1.87,0,0.84,5.43
"321",321,325,"LEGO Indiana Jones: The Original Adventures","X360",2008,"Action","Activision",2.4,1.03,0,0.36,3.78
"715",715,729,"Scribblenauts","DS",2009,"Puzzle","Warner Bros. Interactive Entertainment",1.71,0.32,0.02,0.18,2.22
"482",482,489,"Pac-Man Collection","GBA",2001,"Puzzle","Atari",2.07,0.77,0.05,0.05,2.94
"954",954,972,"Kinect Star Wars","X360",2012,"Action","Microsoft Game Studios",1.05,0.57,0.03,0.14,1.78
"144",144,145,"Metal Gear Solid 4: Guns of the Patriots","PS3",2008,"Action","Konami Digital Entertainment",2.63,1.74,0.83,0.83,6.03
"32",32,32,"Call of Duty: Black Ops","X360",2010,"Shooter","Activision",9.67,3.73,0.11,1.13,14.64
"951",951,969,"Call of Duty: Black Ops 3","PS3",2015,"Shooter","Activision",0.49,0.96,0.07,0.27,1.79
"536",536,543,"Sonic and the Secret Rings","Wii",2007,"Platform","Sega",1.24,1.2,0.04,0.3,2.77
"93",93,94,"Call of Duty: Advanced Warfare","PS4",2014,"Shooter","Activision",2.8,3.3,0.14,1.37,7.6
"150",150,151,"LEGO Star Wars: The Complete Saga","Wii",2007,"Action","LucasArts",3.66,1.63,0,0.53,5.83
"624",624,634,"Need for Speed Carbon: Own the City","PSP",2006,"Racing","Electronic Arts",0.87,0.98,0,0.59,2.44
"193",193,195,"Microsoft Flight Simulator","PC",1996,"Simulation","Microsoft Game Studios",3.22,1.69,0,0.2,5.12
"756",756,772,"Far Cry: Primal","PS4",2016,"Action","Ubisoft",0.59,1.16,0.06,0.33,2.13
"259",259,263,"Batman: Arkham Asylum","PS3",2009,"Action","Eidos Interactive",2.23,1.34,0.07,0.61,4.25
"282",282,286,"Street Fighter II Turbo","SNES",1992,"Fighting","Capcom",1.42,0.51,2.1,0.07,4.1
"554",554,562,"Yokai Watch 2 Shinuchi","3DS",2014,"Role-Playing","Level 5",0,0,2.68,0,2.68
"243",243,246,"God of War","PS2",2005,"Action","Sony Computer Entertainment",2.71,1.29,0.02,0.43,4.45
"701",701,715,"Minecraft","PSV",2014,"Misc","Sony Computer Entertainment Europe",0.28,0.79,0.87,0.32,2.25
"638",638,648,"Pro Wrestling","NES",1987,"Fighting","Nintendo",0.77,0.18,1.42,0.03,2.4
"881",881,899,"Red Faction","PS2",2001,"Shooter","THQ",0.76,0.96,0,0.2,1.92
"853",853,871,"Kirby Squeak Squad","DS",2006,"Platform","Nintendo",0.79,0.03,1.05,0.08,1.96
"589",589,597,"WWE SmackDown vs. RAW 2007","PS2",2006,"Fighting","THQ",1.4,0.88,0.03,0.26,2.58
"870",870,888,"Guitar Hero: World Tour","PS3",2008,"Misc","Activision",1.1,0.56,0,0.27,1.93
"495",495,502,"Zumba Fitness 2","Wii",2011,"Sports","Majesco Entertainment",1.54,1.07,0,0.28,2.88
"675",675,688,"WarioWare Touched!","DS",2004,"Puzzle","Nintendo",0.52,0.45,1.21,0.13,2.31
"548",548,556,"Madden NFL 12","X360",2011,"Sports","Electronic Arts",2.42,0.11,0,0.16,2.69
"378",378,383,"Far Cry 3","PS3",2012,"Shooter","Ubisoft",0.88,1.75,0.1,0.72,3.45
"565",565,573,"Medal of Honor Heroes","PSP",2006,"Shooter","Electronic Arts",0.86,1.11,0.01,0.66,2.65
"564",564,572,"Skylanders Giants","Wii",2012,"Action","Activision",1.56,0.88,0,0.22,2.65
"309",309,313,"Dragon Warrior III","NES",1988,"Role-Playing","Enix Corporation",0.1,0,3.77,0,3.87
"153",153,154,"Cooking Mama","DS",2006,"Simulation","505 Games",3.13,1.94,0.07,0.58,5.72
"726",726,741,"High School Musical: Makin' the Cut!","DS",2007,"Puzzle","Disney Interactive Studios",1.06,0.91,0,0.23,2.2
"241",241,244,"Uncharted: The Nathan Drake Collection","PS4",2015,"Action","Sony Computer Entertainment",1.96,1.69,0.08,0.74,4.47
"314",314,318,"Namco Museum Vol.1","PS",1995,"Misc","Sony Computer Entertainment",2.12,1.44,0.22,0.06,3.84
"92",92,93,"Star Wars Battlefront (2015)","PS4",2015,"Shooter","Electronic Arts",2.93,3.29,0.22,1.23,7.67
"323",323,327,"Ratchet & Clank: Size Matters","PSP",2007,"Platform","Sony Computer Entertainment",1.4,1.4,0.1,0.87,3.77
"254",254,257,"FIFA 14","X360",2013,"Sports","Electronic Arts",0.92,2.93,0.01,0.46,4.31
"432",432,438,"Sonic Rush","DS",2005,"Platform","Sega",1.22,1.57,0.06,0.29,3.15
"95",95,96,"Crash Bandicoot 2: Cortex Strikes Back","PS",1997,"Platform","Sony Computer Entertainment",3.78,2.17,1.31,0.31,7.58
"411",411,416,"Tekken","PS",1995,"Fighting","Sony Computer Entertainment",0.95,1.3,0.77,0.22,3.24
"121",121,122,"FIFA 12","PS3",2011,"Sports","Electronic Arts",0.84,4.32,0.11,1.42,6.69
"973",973,991,"The SpongeBob SquarePants Movie","PS2",2004,"Platform","THQ",1.06,0.54,0,0.16,1.76
"999",999,1017,"Xenosaga Episode I: Der Wille zur Macht","PS2",2002,"Role-Playing","Namco Bandai Games",0.63,0.49,0.45,0.17,1.74
"588",588,596,"Monster Hunter Freedom 2","PSP",2007,"Role-Playing","Capcom",0.37,0.27,1.75,0.18,2.58
"353",353,357,"Luigi's Mansion","GC",2001,"Action","Nintendo",2.38,0.67,0.46,0.1,3.6
"154",154,155,"Destiny","PS4",2014,"Shooter","Activision",2.49,2.05,0.16,0.96,5.65
"906",906,924,"Donkey Kong Country Returns","3DS",2013,"Platform","Nintendo",0.73,0.62,0.4,0.12,1.87
"669",669,682,"The Legend of Zelda: Majora's Mask 3D","3DS",2015,"Action","Nintendo",1.14,0.54,0.47,0.17,2.32
"769",769,786,"Mortal Kombat","X360",2011,"Fighting","Warner Bros. Interactive Entertainment",1.63,0.33,0,0.15,2.11
"6",6,6,"Tetris","GB",1989,"Puzzle","Nintendo",23.2,2.26,4.22,0.58,30.26
"198",198,200,"FIFA Soccer 11","PS3",2010,"Sports","Electronic Arts",0.6,3.29,0.06,1.13,5.08
"290",290,294,"Namco Museum Vol.3","PS",1996,"Misc","Sony Computer Entertainment",2.28,1.55,0.16,0.06,4.05
"1065",1065,1083,"Metroid Fusion","GBA",2002,"Action","Nintendo",1.18,0.27,0.17,0.06,1.68
"419",419,424,"WWF SmackDown! 2: Know Your Role","PS",2000,"Fighting","THQ",1.76,1.21,0.07,0.16,3.2
"581",581,589,"Streets of Rage","GEN",1990,"Action","Sega",1.86,0.55,0.11,0.08,2.6
"291",291,295,"Tekken Tag Tournament","PS2",2000,"Fighting","Namco Bandai Games",1.68,1.51,0.51,0.35,4.05
"54",54,54,"Super Mario 3D Land","3DS",2011,"Platform","Nintendo",4.89,2.99,2.13,0.78,10.79
"1033",1033,1051,"The Crew","PS4",2014,"Racing","Ubisoft",0.34,1.08,0.03,0.26,1.7
"96",96,97,"Super Mario Bros. 2","NES",1988,"Platform","Nintendo",5.39,1.18,0.7,0.19,7.46
"612",612,621,"Resistance 2","PS3",2008,"Shooter","Sony Computer Entertainment",1.15,0.85,0.1,0.39,2.48
"398",398,403,"English Training: Have Fun Improving Your Skills!","DS",2006,"Misc","Nintendo",0,0.99,2.32,0.02,3.33
"227",227,229,"Forza Motorsport 4","X360",2011,"Racing","Microsoft Game Studios",2.08,2.04,0.06,0.47,4.64
"856",856,874,"Crash Nitro Kart","PS2",2003,"Racing","Vivendi Games",0.74,1.01,0,0.2,1.95
"242",242,245,"Call of Duty: Advanced Warfare","PS3",2014,"Shooter","Activision",1.54,1.94,0.19,0.77,4.45
"940",940,958,"Dragon Quest VI: Realms of Revelation","DS",2010,"Role-Playing","Nintendo",0.22,0.21,1.35,0.03,1.81
"350",350,354,"Doom II: Hell on Earth","PC",1994,"Shooter","Virgin Interactive",2.05,1.4,0,0.16,3.61
"60",60,60,"Super Mario 64","DS",2004,"Platform","Nintendo",5.08,3.11,1.25,0.98,10.42
"68",68,68,"Call of Duty: Ghosts","PS3",2013,"Shooter","Activision",4.09,3.73,0.38,1.38,9.59
"868",868,886,"X-Men Legends","PS2",2004,"Role-Playing","Activision",1,0.72,0,0.21,1.93
"168",168,169,"Minecraft","PS3",2014,"Misc","Sony Computer Entertainment",1.97,2.51,0,0.94,5.42
"892",892,910,"Max Payne 3","PS3",2012,"Shooter","Take-Two Interactive",0.59,0.92,0.06,0.32,1.9
"310",310,314,"Sports Champions","PS3",2010,"Sports","Sony Computer Entertainment",2.12,1.14,0.1,0.51,3.87
"750",750,765,"Mahjong","NES",1983,"Misc","Nintendo",0.01,0,2.13,0,2.14
"1023",1023,1041,"Star Ocean: Till The End of Time","PS2",2003,"Role-Playing","Ubisoft",0.8,0.21,0.55,0.15,1.72
"246",246,249,"Tony Hawk's Pro Skater 3","PS2",2001,"Sports","Activision",2.66,1.29,0.01,0.46,4.41
"888",888,906,"Game Party 2","Wii",2008,"Misc","Midway Games",1.3,0.44,0,0.17,1.91
"934",934,952,"Air Combat","PS",1995,"Simulation","Sony Computer Entertainment",0.92,0.33,0.52,0.05,1.83
"407",407,412,"True Crime: Streets of LA","PS2",2003,"Action","Activision",1.89,1.05,0.02,0.31,3.27
"258",258,262,"Super Mario 3D World","WiiU",2013,"Platform","Nintendo",2.11,1.11,0.72,0.3,4.25
"897",897,915,"Yu-Gi-Oh! Forbidden Memories","PS",1999,"Role-Playing","Konami Digital Entertainment",1.37,0.44,0,0.08,1.88
"530",530,537,"Monster Hunter Tri","3DS",2011,"Role-Playing","Nintendo",0.46,0.29,1.96,0.07,2.79
"203",203,205,"Warzone 2100","PS",1999,"Strategy","Eidos Interactive",2.79,1.89,0,0.33,5.01
"362",362,366,"Battlefield 4","X360",2013,"Shooter","Electronic Arts",2.14,1.08,0.02,0.29,3.53
"541",541,549,"Metroid","NES",1986,"Action","Nintendo",1.33,0.31,1.04,0.05,2.73
"1009",1009,1027,"SSX Tricky","PS2",2001,"Sports","Electronic Arts",0.85,0.66,0,0.22,1.73
"1011",1011,1029,"Twisted Metal III","PS",1998,"Action","989 Studios",1.48,0.2,0,0.05,1.73
"841",841,858,"Battlefield 4","XOne",2013,"Shooter","Electronic Arts",1.25,0.58,0,0.16,1.98
"718",718,732,"BioShock 2","X360",2010,"Shooter","Take-Two Interactive",1.45,0.55,0.02,0.19,2.21
"137",137,138,"World of Warcraft","PC",2004,"Role-Playing","Activision",0.07,6.21,0,0,6.28
"855",855,873,"Destiny","X360",2014,"Shooter","Activision",1.3,0.49,0,0.16,1.95
"1087",1087,1105,"Need for Speed Carbon","X360",2006,"Racing","Electronic Arts",0.76,0.7,0.02,0.18,1.66
"1070",1070,1088,"Fight Night Round 3","PS3",2006,"Fighting","Electronic Arts",0.81,0.59,0.01,0.26,1.67
"544",544,552,"The Legend of Zelda: A Link to the Past","GBA",2002,"Action","Nintendo",1.75,0.52,0.33,0.1,2.7
"950",950,968,"NFL GameDay 2000","PS",1999,"Sports","989 Studios",1,0.68,0,0.12,1.8
"10",10,10,"Duck Hunt","NES",1984,"Shooter","Nintendo",26.93,0.63,0.28,0.47,28.31
"284",284,288,"Fallout 4","XOne",2015,"Role-Playing","Bethesda Softworks",2.45,1.26,0.01,0.37,4.09
"157",157,158,"Super Smash Bros.","N64",1999,"Fighting","Nintendo",2.95,0.6,1.97,0.04,5.55
"192",192,194,"Call of Duty: Advanced Warfare","XOne",2014,"Shooter","Activision",3.21,1.53,0.01,0.38,5.13
"930",930,948,"Jet Moto","PS",1996,"Racing","Sony Computer Entertainment",1.33,0.4,0.03,0.07,1.83
"390",390,395,"LEGO Batman: The Videogame","X360",2008,"Action","Warner Bros. Interactive Entertainment",2.03,1.03,0,0.32,3.38
"604",604,613,"Tomb Raider (2013)","PS3",2013,"Action","Square Enix",0.6,1.31,0.08,0.52,2.51
"702",702,716,"Onimusha 2: Samurai's Destiny","PS2",2002,"Adventure","Capcom",0.62,0.44,1.06,0.13,2.25
"468",468,475,"World Soccer Winning Eleven 6 International","PS2",2002,"Sports","Konami Digital Entertainment",0.12,1.26,1.16,0.45,2.99
"352",352,356,"Cooking Mama 2: Dinner With Friends","DS",2007,"Simulation","505 Games",1.61,1.5,0.1,0.39,3.61
"913",913,931,"LittleBigPlanet 3","PS4",2014,"Platform","Sony Computer Entertainment",0.64,0.92,0.01,0.29,1.86
"504",504,511,"Yoshi's Story","N64",1997,"Platform","Nintendo",1.29,0.53,0.98,0.05,2.85
"574",574,582,"Mario Strikers Charged","Wii",2007,"Sports","Nintendo",1.07,1.06,0.24,0.25,2.62
"610",610,619,"LEGO Harry Potter: Years 1-4","Wii",2010,"Action","Warner Bros. Interactive Entertainment",1.29,0.97,0,0.23,2.49
"680",680,693,"Guild Wars 2","PC",2012,"Action","NCSoft",0.95,1.06,0,0.29,2.3
"1054",1054,1072,"Resident Evil 4","GC",2005,"Action","Capcom",0.98,0.42,0.22,0.06,1.69
"650",650,663,"NBA 2K15","PS4",2014,"Sports","Take-Two Interactive",1.46,0.54,0.01,0.37,2.38
"124",124,125,"FIFA 15","PS4",2014,"Sports","Electronic Arts",0.79,4.29,0.05,1.47,6.59
"84",84,84,"The Sims 3","PC",2009,"Simulation","Electronic Arts",0.98,6.42,0,0.71,8.11
"886",886,904,"Mario Party 3","N64",2000,"Misc","Nintendo",0.72,0.16,1.01,0.02,1.91
"837",837,854,"Tennis","GB",1989,"Sports","Nintendo",0.75,0.3,0.9,0.04,1.99
"600",600,609,"Crazy Taxi","PS2",2001,"Racing","Acclaim Entertainment",1.13,1.12,0.06,0.22,2.52
"909",909,927,"Shrek 2","PS2",2004,"Platform","Activision",1.12,0.69,0.03,0.02,1.86
"704",704,718,"Paper Mario: The Thousand-Year Door","GC",2004,"Role-Playing","Nintendo",1.48,0.25,0.46,0.06,2.25
"936",936,954,"Sonic & Knuckles","GEN",1994,"Platform","Sega",1.24,0.43,0.03,0.12,1.82
"86",86,86,"Mario & Sonic at the Olympic Games","Wii",2007,"Sports","Sega",2.58,3.9,0.66,0.91,8.06
"549",549,557,"LEGO Star Wars II: The Original Trilogy","PS2",2006,"Action","LucasArts",1.85,0.64,0.01,0.19,2.69
"676",676,689,"Need For Speed: High Stakes","PS",1999,"Racing","Electronic Arts",1.58,0.64,0,0.09,2.31
"386",386,391,"Spider-Man 2","PS2",2004,"Action","Activision",1.75,1.2,0.02,0.43,3.41
"249",249,252,"Zelda II: The Adventure of Link","NES",1987,"Adventure","Nintendo",2.19,0.5,1.61,0.08,4.38
"830",830,847,"Tom Clancy's The Division","XOne",2016,"Shooter","Ubisoft",1.2,0.62,0,0.18,2.01
"970",970,988,"UFC 2009 Undisputed","PS3",2009,"Fighting","THQ",1.07,0.45,0.01,0.24,1.77
"493",493,500,"Hot Shots Golf 3","PS2",2001,"Sports","Sony Computer Entertainment",0.99,0.32,1.38,0.2,2.89
"915",915,933,"Phineas and Ferb","DS",2009,"Action","Disney Interactive Studios",1.34,0.37,0,0.15,1.86
"933",933,951,"The Orange Box","X360",2007,"Shooter","Electronic Arts",1.09,0.54,0.02,0.17,1.83
"127",127,128,"The Legend of Zelda","NES",1986,"Action","Nintendo",3.74,0.93,1.69,0.14,6.51
"30",30,30,"Call of Duty: Modern Warfare 3","X360",2011,"Shooter","Activision",9.03,4.28,0.13,1.32,14.76
"1041",1041,1059,"SOCOM 3: U.S. Navy SEALs","PS2",2005,"Shooter","Sony Computer Entertainment",1.22,0.34,0.04,0.1,1.69
"434",434,440,"Halo: The Master Chief Collection","XOne",2014,"Shooter","Microsoft Game Studios",1.89,0.99,0.03,0.24,3.15
"754",754,770,"Tetris DS","DS",2006,"Puzzle","Nintendo",0.64,0.07,1.35,0.08,2.13
"159",159,160,"Batman: Arkham City","PS3",2011,"Action","Warner Bros. Interactive Entertainment",2.7,1.91,0.11,0.8,5.53
"1056",1056,1074,"Star Wars Battlefront: Renegade Squadron","PSP",2007,"Shooter","LucasArts",0.9,0.47,0,0.32,1.68
"126",126,127,"The Elder Scrolls V: Skyrim","PS3",2011,"Role-Playing","Bethesda Softworks",2.55,2.71,0.25,1.05,6.56
"212",212,214,"Diddy Kong Racing","N64",1997,"Racing","Nintendo",2.91,0.99,0.89,0.1,4.88
"307",307,311,"The Elder Scrolls V: Skyrim","PC",2011,"Role-Playing","Bethesda Softworks",1.15,2.09,0,0.64,3.88
"445",445,451,"Dragon Ball Z: Budokai","PS2",2002,"Fighting","Atari",2.17,0.28,0.55,0.08,3.09
"497",497,504,"Imagine: Babyz","DS",2007,"Simulation","Ubisoft",1.3,1.27,0,0.31,2.88
"797",797,814,"Yu-Gi-Oh! The Eternal Duelist Soul","GBA",2001,"Strategy","Konami Digital Entertainment",1.64,0.36,0,0.07,2.07
"803",803,820,"R4: Ridge Racer Type 4","PS",1998,"Racing","Namco Bandai Games",0.68,0.46,0.79,0.13,2.06
"809",809,826,"Pokémon Mystery Dungeon: Blue Rescue Team","DS",2005,"Role-Playing","Nintendo",1.16,0.06,0.83,0,2.05
"583",583,591,"Ratchet & Clank Future: Tools of Destruction","PS3",2007,"Platform","Sony Computer Entertainment",0.93,1.12,0.08,0.45,2.59
"103",103,104,"Battlefield 3","PS3",2011,"Shooter","Electronic Arts",2.85,2.93,0.35,1.1,7.23
"608",608,617,"Saints Row: The Third","PS3",2011,"Action","THQ",0.86,1.06,0.18,0.39,2.49
"796",796,813,"Dark Souls","PS3",2011,"Role-Playing","Namco Bandai Games",0.75,0.54,0.54,0.23,2.07
"51",51,51,"Super Mario Land 2: 6 Golden Coins","GB",1992,"Adventure","Nintendo",6.16,2.04,2.69,0.29,11.18
"139",139,140,"Kinect Sports","X360",2010,"Sports","Microsoft Game Studios",3.92,1.78,0.03,0.51,6.24
"514",514,521,"Finding Nemo","GBA",2003,"Action","THQ",1.59,1.05,0.04,0.14,2.82
"1025",1025,1043,"Game Party 3","Wii",2009,"Puzzle","Warner Bros. Interactive Entertainment",1.43,0.16,0,0.12,1.71
"692",692,705,"Borderlands 2","PS3",2012,"Shooter","Take-Two Interactive",1.05,0.77,0.1,0.36,2.28
"885",885,903,"Toy Story Mania!","Wii",2009,"Misc","Disney Interactive Studios",1.06,0.67,0,0.18,1.92
"508",508,515,"Assassin's Creed: Brotherhood","PS3",2010,"Action","Ubisoft",1.87,0.57,0.11,0.3,2.84
"1044",1044,1062,"Saints Row IV","X360",2013,"Action","Deep Silver",1.01,0.53,0.01,0.14,1.69
"820",820,837,"Need for Speed: The Run","PS3",2011,"Action","Electronic Arts",0.58,1.06,0.03,0.37,2.04
"521",521,528,"Hot Shots Golf","PS",1997,"Sports","Sony Computer Entertainment",0.29,0.2,2.13,0.18,2.79
"211",211,213,"LEGO Star Wars: The Complete Saga","DS",2007,"Action","LucasArts",2.89,1.54,0,0.46,4.9
"724",724,739,"Pro Yakyuu Family Stadium","NES",1986,"Sports","Namco Bandai Games",0.15,0,2.05,0,2.2
"501",501,508,"The Elder Scrolls III: Morrowind","XB",2002,"Role-Playing","Ubisoft",2.09,0.63,0.03,0.11,2.86
"240",240,243,"Dragon Quest VII: Warriors of Eden","PS",2000,"Role-Playing","Enix Corporation",0.2,0.14,4.1,0.02,4.47
"50",50,50,"Pokemon Omega Ruby/Pokemon Alpha Sapphire","3DS",2014,"Role-Playing","Nintendo",4.23,3.37,3.08,0.65,11.33
"655",655,668,"The Incredibles","PS2",2004,"Action","THQ",0.96,1.08,0.04,0.3,2.37
"774",774,791,"Portal 2","X360",2011,"Shooter","Valve Software",1.41,0.51,0.01,0.17,2.1
"832",832,849,"Fire Emblem: Awakening","3DS",2012,"Role-Playing","Nintendo",0.89,0.45,0.53,0.13,2
"635",635,645,"Need for Speed: ProStreet","PS2",2007,"Racing","Electronic Arts",0.69,0,0.04,1.68,2.41
"935",935,953,"Kirby: Triple Deluxe","3DS",2014,"Platform","Nintendo",0.61,0.34,0.79,0.09,1.82
"893",893,911,"Need for Speed Rivals","PS4",2013,"Racing","Electronic Arts",0.73,0.91,0.03,0.22,1.89
"152",152,153,"Tekken 2","PS",1996,"Fighting","Sony Computer Entertainment",2.26,1.89,1.36,0.23,5.74
"257",257,261,"Halo 5: Guardians","XOne",2015,"Shooter","Microsoft Game Studios",2.64,1.2,0.03,0.39,4.26
"872",872,890,"Virtua Fighter 2","SAT",1995,"Fighting","Sega",0.34,0.26,1.3,0.03,1.93
"1046",1046,1064,"Dragon Age: Origins","PS3",2009,"Role-Playing","Electronic Arts",0.96,0.44,0.08,0.22,1.69
"899",899,917,"Hot Shots Golf 2","PS",1999,"Sports","Sony Computer Entertainment",0.25,0.12,1.48,0.03,1.88
"377",377,382,"Assassin's Creed: Unity","XOne",2014,"Action","Ubisoft",2.26,0.89,0,0.3,3.46
"743",743,758,"Your Shape featuring Jenny McCarthy","Wii",2009,"Sports","Ubisoft",1.51,0.47,0,0.18,2.16
"436",436,442,"Spider-Man","PS",2000,"Action","Activision",1.7,1.25,0.02,0.16,3.13
"113",113,114,"Need for Speed Underground 2","PS2",2004,"Racing","Electronic Arts",2.71,3.02,0.08,1.09,6.9
"61",61,61,"Just Dance 3","Wii",2011,"Misc","Ubisoft",6.05,3.15,0,1.07,10.26
"17",17,17,"Grand Theft Auto V","PS3",2013,"Action","Take-Two Interactive",7.01,9.27,0.97,4.14,21.4
"626",626,636,"Riven: The Sequel to Myst","PC",1997,"Adventure","Red Orb",1.52,0.82,0,0.1,2.43
"1015",1015,1033,"Dishonored","X360",2012,"Action","Bethesda Softworks",1.06,0.52,0.01,0.14,1.73
"412",412,417,"FIFA 16","XOne",2015,"Sports","Electronic Arts",0.88,2.11,0,0.23,3.23
"620",620,630,"Final Fantasy V","SNES",1992,"Role-Playing","SquareSoft",0,0,2.43,0.02,2.45
"62",62,62,"Call of Duty: Ghosts","X360",2013,"Shooter","Activision",6.72,2.63,0.04,0.82,10.21
"791",791,808,"Warcraft: Orcs & Humans","PC",1994,"Strategy","Activision",0.89,1.08,0,0.11,2.08
"75",75,75,"Mario Party DS","DS",2007,"Misc","Nintendo",4.46,1.88,1.98,0.7,9.02
"255",255,258,"Call of Duty: Advanced Warfare","X360",2014,"Shooter","Activision",2.75,1.18,0,0.37,4.31
"677",677,690,"Chrono Trigger","SNES",1995,"Role-Playing","SquareSoft",0.28,0,2.02,0.01,2.31
"607",607,616,"Mario Party 2","N64",1999,"Misc","Nintendo",1.28,0.14,1.08,0.01,2.5
"577",577,585,"NBA 2K12","X360",2011,"Sports","Take-Two Interactive",2.31,0.14,0.01,0.16,2.62
"123",123,124,"Red Dead Redemption","PS3",2010,"Action","Take-Two Interactive",2.79,2.61,0.17,1.03,6.6
"770",770,787,"Parasite Eve","PS",1998,"Role-Playing","SquareSoft",0.94,0.07,1.05,0.04,2.1
"81",81,81,"Mario Party 8","Wii",2007,"Misc","Nintendo",3.81,2.3,1.58,0.73,8.42
"563",563,571,"Tom Clancy's Splinter Cell","PS2",2003,"Action","Ubisoft",1.15,1.11,0,0.4,2.65
"707",707,721,"Dissidia: Final Fantasy","PSP",2008,"Fighting","Square Enix",0.51,0.51,0.91,0.32,2.25
"652",652,665,"Yu-Gi-Oh! The Duelists of the Roses","PS2",2001,"Misc","Konami Digital Entertainment",1.16,0.91,0,0.3,2.38
"293",293,297,"Star Fox 64","N64",1997,"Shooter","Nintendo",2.78,0.58,0.64,0.04,4.03
"790",790,807,"Sim Theme Park","PC",1998,"Strategy","Electronic Arts",2.04,0.04,0,0,2.08
"24",24,24,"Grand Theft Auto V","X360",2013,"Action","Take-Two Interactive",9.63,5.31,0.06,1.38,16.38
"141",141,142,"Gears of War","X360",2006,"Shooter","Microsoft Game Studios",3.54,1.9,0.07,0.6,6.11
"533",533,540,"Ratchet & Clank: Going Commando","PS2",2003,"Platform","Sony Computer Entertainment",1.44,0.83,0.26,0.25,2.78
"1040",1040,1058,"NCAA Football 07","PS2",2006,"Sports","Electronic Arts",1.41,0.05,0,0.23,1.7
"52",52,52,"Grand Theft Auto IV","X360",2008,"Action","Take-Two Interactive",6.76,3.1,0.14,1.03,11.02
"546",546,554,"Mortal Kombat X","PS4",2015,"Fighting","Warner Bros. Interactive Entertainment",1.47,0.76,0,0.47,2.7
"245",245,248,"Michael Jackson: The Experience","Wii",2010,"Misc","Ubisoft",2.67,1.35,0.01,0.39,4.42
"164",164,165,"Super Mario World","GBA",2001,"Platform","Nintendo",3.21,1.11,0.95,0.2,5.46
"917",917,935,"GoldenEye 007 (2010)","Wii",2010,"Action","Activision",0.85,0.71,0.13,0.16,1.86
"216",216,218,"StarCraft II: Wings of Liberty","PC",2010,"Strategy","Activision",2.56,1.68,0,0.59,4.83
"143",143,144,"Sonic the Hedgehog 2","GEN",1992,"Platform","Sega",4.47,1.2,0.16,0.19,6.03
"524",524,531,"WWF SmackDown! Just Bring It","PS2",2001,"Fighting","THQ",1.19,1.15,0.04,0.41,2.79
"517",517,524,"Imagine: Fashion Designer","DS",2007,"Simulation","Ubisoft",1.32,1.19,0,0.3,2.81
"531",531,538,"Jak II","PS2",2003,"Platform","Sony Computer Entertainment",1.68,0.74,0,0.36,2.78
"984",984,1002,"The Urbz: Sims in the City","PS2",2004,"Simulation","Electronic Arts",0.52,0.95,0,0.29,1.76
"768",768,785,"Dynasty Warriors 4","PS2",2003,"Action","Tecmo Koei",0.63,0.21,1.13,0.13,2.11
"416",416,421,"007: Tomorrow Never Dies","PS",1999,"Shooter","Electronic Arts",1.72,1.33,0,0.16,3.21
"106",106,107,"Crash Bandicoot 3: Warped","PS",1998,"Platform","Sony Computer Entertainment",3.68,1.75,1.42,0.28,7.13
"505",505,512,"Command & Conquer: Red Alert","PC",1996,"Strategy","Virgin Interactive",1.37,1.34,0,0.14,2.85
"851",851,869,"Rad Racer","NES",1986,"Racing","Nintendo",1.13,0.37,0.41,0.05,1.96
"1038",1038,1056,"Super Puyo Puyo","SNES",1993,"Puzzle","Banpresto",0,0,1.69,0.01,1.7
"672",672,685,"Mario Tennis","N64",2000,"Sports","Nintendo",0.78,0.4,1.06,0.07,2.32
"464",464,470,"Dragon Ball Z: Budokai Tenkaichi 3","PS2",2007,"Fighting","Atari",1.15,0,0.76,1.09,3
"993",993,1011,"Disney's Aladdin","SNES",1993,"Platform","Capcom",0.94,0.34,0.21,0.27,1.75
"848",848,865,"Burnout Paradise","PS3",2008,"Racing","Electronic Arts",1.01,0.64,0.02,0.3,1.97
"217",217,219,"Assassin's Creed","PS3",2007,"Adventure","Ubisoft",1.91,2,0.09,0.83,4.83
"260",260,264,"Assassin's Creed: Revelations","PS3",2011,"Action","Ubisoft",1.41,2.02,0.1,0.72,4.24
"231",231,233,"The Legend of Zelda: The Wind Waker","GC",2002,"Action","Nintendo",2.6,0.99,0.89,0.13,4.6
"381",381,386,"Tekken 4","PS2",2002,"Fighting","Namco Bandai Games",1.55,1.27,0.33,0.29,3.44
"781",781,798,"The Sims 2: Pets","DS",2006,"Simulation","Electronic Arts",0.92,0.94,0,0.22,2.09
"590",590,598,"Ratchet & Clank: Up Your Arsenal","PS2",2004,"Platform","Sony Computer Entertainment",1.31,0.74,0.31,0.22,2.57
"693",693,706,"TOCA Touring Car Championship","PS",1997,"Racing","Codemasters",0.07,2,0.02,0.18,2.28
"658",658,671,"Kinect Sports: Season Two","X360",2011,"Sports","Microsoft Game Studios",1.38,0.74,0.02,0.22,2.36
"180",180,182,"Diablo III","PC",2012,"Role-Playing","Activision",2.43,2.15,0,0.62,5.2
"834",834,851,"Super Street Fighter II","SNES",1993,"Fighting","Nintendo",0.52,0.16,1.29,0.03,2
"744",744,759,"Syphon Filter 2","PS",2000,"Shooter","Sony Computer Entertainment",1.5,0.55,0.02,0.08,2.15
"646",646,659,"LEGO Star Wars: The Complete Saga","PS3",2007,"Action","LucasArts",1.02,0.97,0,0.39,2.38
"230",230,232,"The Legend of Zelda: A Link to the Past","SNES",1991,"Action","Nintendo",2.42,0.91,1.15,0.13,4.61
"511",511,518,"Medal of Honor","PS3",2010,"Shooter","Electronic Arts",1.28,1.05,0.07,0.43,2.83
"748",748,763,"Call of Duty: Roads to Victory","PSP",2007,"Shooter","Activision",0.52,1.03,0,0.59,2.14
"49",49,49,"Super Mario Galaxy","Wii",2007,"Platform","Nintendo",6.16,3.4,1.2,0.76,11.52
"343",343,347,"Pokemon Snap","N64",1999,"Simulation","Nintendo",2.23,0.68,0.66,0.06,3.63
"570",570,578,"Pac-Man: Adventures in Time","PSP",2006,"Fighting","Sony Computer Entertainment",0.76,1.1,0.12,0.65,2.63
"688",688,701,"Yokai Watch Busters","3DS",2015,"Action","Level 5",0,0,2.28,0,2.28
"319",319,323,"Batman: Arkham Knight","PS4",2015,"Action","Warner Bros. Interactive Entertainment",1.49,1.58,0.1,0.61,3.79
"207",207,209,"Fallout 3","X360",2008,"Role-Playing","Bethesda Softworks",3.39,1.03,0.09,0.44,4.96
"414",414,419,"Madden NFL 16","PS4",2015,"Sports","Electronic Arts",2.33,0.3,0,0.59,3.22
"1049",1049,1067,"WCW/NWO Thunder","PS",1998,"Fighting","THQ",1.1,0.48,0.04,0.07,1.69
"778",778,795,"Finding Nemo","PS2",2003,"Action","THQ",1.26,0.6,0.05,0.18,2.09
"285",285,289,"World of Warcraft: The Burning Crusade","PC",2007,"Role-Playing","Activision",2.57,1.52,0,0,4.09
"368",368,372,"Resident Evil 5","X360",2009,"Action","Capcom",2.11,0.94,0.12,0.34,3.51
"148",148,149,"LittleBigPlanet","PS3",2008,"Platform","Sony Computer Entertainment",2.8,2.05,0.17,0.9,5.92
"989",989,1007,"Star Wars: Battlefront","XB",2004,"Shooter","Activision",1.24,0.45,0,0.07,1.75
"238",238,241,"Madden NFL 07","PS2",2006,"Sports","Electronic Arts",3.63,0.24,0.01,0.61,4.49
"396",396,401,"Rugrats: Search For Reptar","PS",1998,"Adventure","THQ",1.63,1.53,0,0.18,3.34
"59",59,59,"Pokemon FireRed/Pokemon LeafGreen","GBA",2004,"Role-Playing","Nintendo",4.34,2.65,3.15,0.35,10.49
"1043",1043,1061,"Saints Row 2","PS3",2008,"Action","THQ",0.88,0.54,0.02,0.25,1.69
"225",225,227,"Animal Crossing: City Folk","Wii",2008,"Simulation","Nintendo",1.87,1.12,1.32,0.37,4.68
"35",35,35,"Call of Duty: Black Ops II","PS3",2012,"Shooter","Activision",4.99,5.88,0.65,2.52,14.03
"234",234,236,"Splatoon","WiiU",2015,"Shooter","Nintendo",1.55,1.15,1.44,0.43,4.57
"716",716,730,"The Legend of Zelda: Link's Awakening DX","GB",1998,"Adventure","Nintendo",1,0.63,0.45,0.13,2.22
"279",279,283,"Super Mario World 2: Yoshi's Island","SNES",1995,"Platform","Nintendo",1.65,0.61,1.76,0.09,4.12
"667",667,680,"Resident Evil - Code: Veronica X","PS2",2001,"Action","Capcom",1.08,0.7,0.34,0.21,2.34
"172",172,173,"Assassin's Creed III","X360",2012,"Action","Ubisoft",3.13,1.71,0.03,0.44,5.3
"208",208,210,"Pokemon Mystery Dungeon: Explorers of Time/Explorers of Darkness","DS",2007,"Role-Playing","Nintendo",1.85,1.2,1.54,0.37,4.96
"912",912,930,"SingStar","PS2",2004,"Misc","Sony Computer Entertainment",0,1.37,0,0.49,1.86
"896",896,914,"Ratchet & Clank Future: A Crack in Time","PS3",2009,"Platform","Sony Computer Entertainment",1.05,0.54,0.03,0.26,1.88
"22",22,22,"Super Mario Land","GB",1989,"Platform","Nintendo",10.83,2.71,4.18,0.42,18.14
"1060",1060,1078,"Yoshi's Cookie","GB",1992,"Puzzle","Nintendo",0.59,0.24,0.82,0.03,1.68
"171",171,172,"Pokemon Pinball","GB",1999,"Misc","Nintendo",3.02,1.12,1.01,0.16,5.31
"1026",1026,1044,"Toy Story 2: Buzz Lightyear to the Rescue!","PS",1998,"Platform","Activision",0.99,0.64,0,0.08,1.71
"535",535,542,"The Sims","PS2",2003,"Simulation","Electronic Arts",1.41,1.12,0,0.24,2.77
"480",480,487,"WWE SmackDown! vs. RAW 2006","PS2",2005,"Fighting","THQ",1.45,1.11,0.04,0.33,2.94
"761",761,777,"Golf","GB",1989,"Sports","Nintendo",0.83,0.33,0.92,0.04,2.12
"199",199,201,"Super Mario Bros.","GB",1999,"Platform","Nintendo",3.4,1.3,0.15,0.22,5.07
"463",463,469,"NBA 2K13","X360",2012,"Sports","Take-Two Interactive",2.6,0.21,0.01,0.19,3
"878",878,896,"The Legend of Zelda: Oracle of Ages","GB",2001,"Action","Nintendo",0.92,0.53,0.41,0.06,1.92
"611",611,620,"Mortal Kombat: Deadly Alliance","PS2",2002,"Fighting","Midway Games",1.81,0.52,0,0.15,2.49
"182",182,184,"New Super Mario Bros. U","WiiU",2012,"Platform","Nintendo",2.32,1.3,1.27,0.31,5.19
"43",43,43,"Mario Kart 7","3DS",2011,"Racing","Nintendo",4.74,3.91,2.67,0.89,12.21
"1063",1063,1081,"Star Wars The Clone Wars: Lightsaber Duels","Wii",2008,"Action","LucasArts",1.23,0.3,0,0.14,1.68
"118",118,119,"Gears of War 2","X360",2008,"Shooter","Microsoft Game Studios",4.15,1.92,0.06,0.64,6.76
"27",27,27,"Pokemon Black/Pokemon White","DS",2010,"Role-Playing","Nintendo",5.57,3.28,5.65,0.82,15.32
"101",101,102,"Call of Duty: Black Ops 3","XOne",2015,"Shooter","Activision",4.52,2.09,0.01,0.67,7.3
"196",196,198,"Grand Theft Auto V","XOne",2014,"Action","Take-Two Interactive",2.66,2.01,0,0.41,5.08
"311",311,315,"NBA 2K16","PS4",2015,"Sports","Take-Two Interactive",2.48,0.65,0.03,0.69,3.85
"226",226,228,"The Lord of the Rings: The Two Towers","PS2",2002,"Action","Electronic Arts",1.94,1.95,0.08,0.7,4.67
"880",880,898,"Monopoly","Wii",2008,"Misc","Electronic Arts",0.87,0.85,0,0.2,1.92
"792",792,809,"Skate 3","PS3",2010,"Sports","Electronic Arts",0.79,0.94,0,0.35,2.08
"1021",1021,1039,"Call of Duty: Modern Warfare 3","PC",2011,"Shooter","Activision",0.41,0.98,0,0.33,1.72
"89",89,89,"Pokémon Platinum Version","DS",2008,"Role-Playing","Nintendo",2.82,1.78,2.69,0.55,7.84
"39",39,39,"Grand Theft Auto III","PS2",2001,"Action","Take-Two Interactive",6.99,4.51,0.3,1.3,13.1
"767",767,783,"Mario Sports Mix","Wii",2010,"Sports","Nintendo",0.9,0.45,0.63,0.13,2.11
"795",795,812,"UFC 2009 Undisputed","X360",2009,"Fighting","THQ",1.48,0.39,0,0.19,2.07
"776",776,793,"Derby Stallion","PS",1997,"Sports","ASCII Entertainment",0,0,1.96,0.14,2.09
"890",890,908,"LEGO Star Wars III: The Clone Wars","Wii",2011,"Action","LucasArts",1.08,0.66,0,0.17,1.91
"97",97,98,"Super Smash Bros. for Wii U and 3DS","3DS",2014,"Fighting","Nintendo",3.24,1.35,2.42,0.43,7.45
"409",409,414,"Gran Turismo (PSP)","PSP",2009,"Racing","Sony Computer Entertainment",0.5,1.59,0.31,0.87,3.27
"926",926,944,"NCAA Football 06","PS2",2005,"Sports","Electronic Arts",1.53,0.05,0,0.25,1.84
"1036",1036,1054,"Personal Trainer: Math","DS",2007,"Puzzle","Nintendo",0.49,1.12,0,0.09,1.7
"1003",1003,1021,"Sonic Colors","Wii",2010,"Platform","Sega",0.96,0.61,0.01,0.16,1.74
"1066",1066,1084,"Shaun White Snowboarding: Road Trip","Wii",2008,"Sports","Ubisoft",0.94,0.57,0,0.17,1.67
"149",149,150,"Dragon Quest IX: Sentinels of the Starry Skies","DS",2009,"Role-Playing","Nintendo",0.66,0.69,4.35,0.15,5.84
"815",815,832,"Dance Central 2","X360",2011,"Misc","Microsoft Game Studios",1.45,0.42,0.01,0.16,2.04
"700",700,714,"Resident Evil 4","Wii",2007,"Action","Capcom",1.34,0.57,0.14,0.21,2.26
"827",827,844,"Madden NFL 15","X360",2014,"Sports","Electronic Arts",1.76,0.09,0,0.17,2.02
"686",686,699,"Pro Evolution Soccer 2010","PS3",2009,"Sports","Konami Digital Entertainment",0.3,1.27,0.46,0.26,2.28
"418",418,423,"Killer Instinct","SNES",1995,"Fighting","Nintendo",2.26,0.72,0.12,0.1,3.2
"760",760,776,"Project Gotham Racing","XB",2001,"Racing","Microsoft Game Studios",1.37,0.61,0.05,0.09,2.12
"738",738,753,"Mario & Luigi: Superstar Saga","GBA",2003,"Role-Playing","Nintendo",1.48,0.17,0.47,0.06,2.17
"1079",1079,1097,"NCAA Football 2004","PS2",2003,"Sports","Electronic Arts",1.35,0.09,0,0.23,1.67
"963",963,981,"50 Cent: Bulletproof","PS2",2005,"Action","Vivendi Games",0.85,0.76,0,0.16,1.77
"131",131,132,"Kingdom Hearts","PS2",2002,"Role-Playing","Sony Computer Entertainment",3.64,1.2,1.49,0.07,6.4
"438",438,444,"Star Wars Episode I Racer","N64",1999,"Racing","Nintendo",2.31,0.62,0.14,0.04,3.12
"1059",1059,1077,"LEGO Batman 2: DC Super Heroes","X360",2012,"Action","Warner Bros. Interactive Entertainment",0.9,0.64,0,0.15,1.68
"986",986,1004,"Star Wars: Starfighter","PS2",2001,"Simulation","Activision",0.61,0.87,0.02,0.26,1.76
"1034",1034,1052,"FIFA Soccer 10","PS2",2009,"Sports","Electronic Arts",0.23,0.24,0,1.23,1.7
"597",597,605,"Pokémon Colosseum","GC",2003,"Role-Playing","Nintendo",1.21,0.57,0.7,0.07,2.54
"1050",1050,1068,"Harry Potter and the Sorcerer's Stone","GBA",2001,"Action","Electronic Arts",0.87,0.66,0.08,0.08,1.69
"40",40,40,"Super Smash Bros. Brawl","Wii",2008,"Fighting","Nintendo",6.75,2.61,2.66,1.02,13.04
"443",443,449,"Mass Effect 2","X360",2010,"Role-Playing","Electronic Arts",1.99,0.82,0.03,0.27,3.11
"786",786,803,"Need For Speed: Undercover","PS3",2008,"Racing","Electronic Arts",0.63,1.02,0.05,0.39,2.08
"766",766,782,"Need for Speed: Hot Pursuit 2","PS2",2002,"Racing","Electronic Arts",1.68,0.31,0.02,0.09,2.11
"678",678,691,"Cool Boarders 3","PS",1998,"Sports","989 Studios",1.65,0.46,0.1,0.1,2.31
"37",37,37,"Call of Duty: Modern Warfare 2","X360",2009,"Shooter","Activision",8.52,3.63,0.08,1.29,13.51
"996",996,1014,"Dance Dance Revolution X","PS2",2008,"Simulation","Konami Digital Entertainment",0.85,0.66,0.01,0.22,1.75
"385",385,390,"Final Fantasy III","SNES",1994,"Role-Playing","SquareSoft",0.86,0,2.55,0.02,3.42
"987",987,1005,"Madden NFL 2000","PS",1998,"Sports","Electronic Arts",1.68,0.04,0,0.04,1.75
"69",69,69,"Just Dance 2","Wii",2010,"Misc","Ubisoft",5.84,2.89,0.01,0.78,9.52
"357",357,361,"Grand Theft Auto: Liberty City Stories","PS2",2006,"Action","Take-Two Interactive",1.56,1.4,0.07,0.5,3.54
"48",48,48,"Gran Turismo 4","PS2",2004,"Racing","Sony Computer Entertainment",3.01,0.01,1.1,7.53,11.66
"914",914,932,"NBA Live 2002","PS2",2001,"Sports","Electronic Arts",0.91,0.71,0,0.24,1.86
"687",687,700,"Just Dance 2015","Wii",2014,"Misc","Ubisoft",1.11,0.98,0,0.2,2.28
"280",280,284,"FIFA Soccer 07","PS2",2006,"Sports","Electronic Arts",0.71,2.48,0.03,0.89,4.11
"420",420,425,"Crisis Core: Final Fantasy VII","PSP",2007,"Role-Playing","Square Enix",1.35,0.6,0.8,0.44,3.19
"773",773,790,"Need for Speed: Most Wanted 5-1-0","PSP",2005,"Racing","Electronic Arts",1.77,0.13,0.02,0.18,2.1
"475",475,482,"Kirby Super Star Ultra","DS",2008,"Platform","Nintendo",1.57,0.04,1.19,0.15,2.96
"219",219,221,"Crash Team Racing","PS",1999,"Racing","Sony Computer Entertainment",2.57,1.57,0.44,0.21,4.79
"512",512,519,"WWE SmackDown! vs. Raw","PS2",2002,"Fighting","THQ",1.32,1.08,0.04,0.39,2.83
"569",569,577,"Midnight Club: Street Racing","PS2",2000,"Racing","Take-Two Interactive",2,0.47,0.02,0.14,2.63
"451",451,457,"The Sims: Vacation","PC",2002,"Simulation","Electronic Arts",1.72,1.21,0,0.14,3.07
"587",587,595,"Ghostbusters: The Video Game (DS Version)","X360",2009,"Action","Take-Two Interactive",1.04,1.24,0.03,0.27,2.58
"785",785,802,"Tetris Worlds","PS2",2002,"Puzzle","THQ",1.11,0.71,0,0.27,2.08
"200",200,202,"Resident Evil","PS",1996,"Action","Virgin Interactive",2.05,1.16,1.11,0.73,5.05
"478",478,485,"Wave Race 64","N64",1996,"Racing","Nintendo",1.98,0.58,0.34,0.04,2.94
"105",105,106,"Tekken 3","PS",1998,"Fighting","Sony Computer Entertainment",3.27,2.22,1.4,0.29,7.16
"867",867,885,"Tom Clancy's Ghost Recon","PS2",2002,"Shooter","Ubisoft",1.42,0.4,0,0.12,1.94
"252",252,255,"Sonic the Hedgehog","GEN",1991,"Platform","Sega",3.03,0.91,0.26,0.13,4.34
"373",373,377,"Clubhouse Games","DS",2006,"Misc","Nintendo",0.59,1.83,0.73,0.35,3.5
"333",333,337,"Battlefield 4","PS3",2013,"Shooter","Electronic Arts",1.3,1.51,0.27,0.61,3.69
"452",452,458,"Mass Effect 3","X360",2012,"Role-Playing","Electronic Arts",1.94,0.86,0.03,0.24,3.07
"301",301,305,"Assassin's Creed: Unity","PS4",2014,"Action","Ubisoft",1.18,1.96,0.08,0.7,3.92
"315",315,319,"The Legend of Zelda: Link's Awakening","GB",1992,"Action","Nintendo",2.21,0.96,0.54,0.13,3.83
"20",20,20,"Brain Age: Train Your Brain in Minutes a Day","DS",2005,"Misc","Nintendo",4.75,9.26,4.16,2.05,20.22
"380",380,385,"Borderlands","X360",2009,"Shooter","Take-Two Interactive",2.39,0.73,0.03,0.29,3.44
"80",80,80,"Halo 2","XB",2004,"Shooter","Microsoft Game Studios",6.82,1.53,0.05,0.08,8.49
